-- MySQL dump 10.13  Distrib 8.0.22, for Win64 (x86_64)
--
-- Host: localhost    Database: ph
-- ------------------------------------------------------
-- Server version	8.0.22

/*!40101 SET @OLD_CHARACTER_SET_CLIENT=@@CHARACTER_SET_CLIENT */;
/*!40101 SET @OLD_CHARACTER_SET_RESULTS=@@CHARACTER_SET_RESULTS */;
/*!40101 SET @OLD_COLLATION_CONNECTION=@@COLLATION_CONNECTION */;
/*!50503 SET NAMES utf8 */;
/*!40103 SET @OLD_TIME_ZONE=@@TIME_ZONE */;
/*!40103 SET TIME_ZONE='+00:00' */;
/*!40014 SET @OLD_UNIQUE_CHECKS=@@UNIQUE_CHECKS, UNIQUE_CHECKS=0 */;
/*!40014 SET @OLD_FOREIGN_KEY_CHECKS=@@FOREIGN_KEY_CHECKS, FOREIGN_KEY_CHECKS=0 */;
/*!40101 SET @OLD_SQL_MODE=@@SQL_MODE, SQL_MODE='NO_AUTO_VALUE_ON_ZERO' */;
/*!40111 SET @OLD_SQL_NOTES=@@SQL_NOTES, SQL_NOTES=0 */;

--
-- Table structure for table `albums`
--

DROP TABLE IF EXISTS `albums`;
/*!40101 SET @saved_cs_client     = @@character_set_client */;
/*!50503 SET character_set_client = utf8mb4 */;
CREATE TABLE `albums` (
  `id` int unsigned NOT NULL AUTO_INCREMENT,
  `name` varchar(45) CHARACTER SET utf8mb4 COLLATE utf8mb4_unicode_ci NOT NULL,
  `users_id` int unsigned NOT NULL,
  PRIMARY KEY (`id`),
  KEY `fk_albums_users1_idx` (`users_id`),
  CONSTRAINT `fk_albums_users1` FOREIGN KEY (`users_id`) REFERENCES `users` (`id`)
) ENGINE=InnoDB AUTO_INCREMENT=101 DEFAULT CHARSET=utf8mb4 COLLATE=utf8mb4_unicode_ci;
/*!40101 SET character_set_client = @saved_cs_client */;

--
-- Dumping data for table `albums`
--

LOCK TABLES `albums` WRITE;
/*!40000 ALTER TABLE `albums` DISABLE KEYS */;
INSERT INTO `albums` VALUES (1,'I suppose I ought to be talking in his.',60),(2,'There seemed to be managed? I suppose.',65),(3,'Alice said very politely, \'if I had it.',97),(4,'It means much the most interesting,.',45),(5,'Please, Ma\'am, is this New Zealand or.',45),(6,'As soon as it can be,\' said the.',20),(7,'There ought to go down the chimney!\'.',29),(8,'I think--\' (she was obliged to say.',40),(9,'Queen, but she got used to say.\' \'So.',25),(10,'I know?\' said Alice, \'how am I to do.',89),(11,'Mock Turtle. \'Seals, turtles, salmon,.',86),(12,'The Antipathies, I think--\' (she was.',21),(13,'Caterpillar called after her. \'I\'ve.',4),(14,'I think--\' (for, you see, Miss, we\'re.',56),(15,'This is the same height as herself;.',9),(16,'I WAS when I sleep\" is the use of a.',44),(17,'Alice put down her flamingo, and began.',47),(18,'I suppose it were white, but there was.',69),(19,'Duchess, who seemed to rise like a.',86),(20,'Alice: \'--where\'s the Duchess?\' \'Hush!.',42),(21,'Alice soon began talking to herself,.',92),(22,'Hatter, and, just as well. The twelve.',58),(23,'Mouse only shook its head to feel a.',65),(24,'ARE OLD, FATHER WILLIAM,\' to the.',67),(25,'Sing her \"Turtle Soup,\" will you,.',30),(26,'She went in without knocking, and.',38),(27,'March Hare. \'I didn\'t know it to.',82),(28,'On which Seven looked up eagerly, half.',46),(29,'Then it got down off the fire, licking.',94),(30,'Alice asked in a hurried nervous.',6),(31,'Atheling to meet William and offer him.',41),(32,'Just at this corner--No, tie \'em.',54),(33,'DOES THE BOOTS AND SHOES.\' the Gryphon.',70),(34,'Alice after it, never once considering.',37),(35,'Alice thought decidedly uncivil. \'But.',98),(36,'Caterpillar sternly. \'Explain.',15),(37,'Alice: \'she\'s so extremely--\' Just.',57),(38,'Game, or any other dish? Who would not.',27),(39,'I\'m sure she\'s the best thing to eat.',54),(40,'The three soldiers wandered about for.',81),(41,'And in she went. Once more she found.',15),(42,'Alice, \'shall I NEVER get any older.',39),(43,'March Hare. \'It was the King; and as.',1),(44,'Alice felt that it ought to be true):.',18),(45,'Alice had begun to dream that she.',94),(46,'MINE.\' The Queen turned crimson with.',10),(47,'ME,\' said Alice to herself, \'I wonder.',61),(48,'This time there were no tears. \'If.',41),(49,'Always lay the blame on others!\'.',79),(50,'I almost wish I hadn\'t mentioned.',47),(51,'Mock Turtle, \'but if you\'ve seen them.',83),(52,'Alice had got its neck nicely.',70),(53,'Alice. \'But you\'re so easily.',4),(54,'I can find out the verses on his slate.',47),(55,'Dinah, and saying \"Come up again,.',36),(56,'Alice said very politely, \'if I had.',33),(57,'FIT you,\' said the Mock Turtle went.',85),(58,'Seaography: then Drawling--the.',18),(59,'There was not quite know what \"it\".',79),(60,'Alice, in a more subdued tone, and she.',79),(61,'Mouse looked at it uneasily, shaking.',23),(62,'I suppose?\' \'Yes,\' said Alice,.',19),(63,'I begin, please your Majesty,\' he.',32),(64,'Mock Turtle said: \'advance twice, set.',93),(65,'Alice, who had followed him into the.',56),(66,'King. \'Shan\'t,\' said the March Hare.',30),(67,'Off with his head!\' or \'Off with his.',7),(68,'Gryphon went on in a mournful tone,.',12),(69,'I don\'t understand. Where did they.',56),(70,'Majesty!\' the soldiers had to kneel.',60),(71,'I\'m afraid,\' said Alice, timidly;.',92),(72,'Said the mouse doesn\'t get out.\" Only.',70),(73,'Alice replied, rather shyly, \'I--I.',99),(74,'Duchess, it had finished this short.',93),(75,'I think I could, if I know all the.',87),(76,'I could not even get her head on her.',93),(77,'I can find out the answer to shillings.',2),(78,'CURTSEYING as you\'re falling through.',48),(79,'Alice ventured to say. \'What is his.',33),(80,'I goes like a star-fish,\' thought.',80),(81,'At last the Gryphon at the window, and.',94),(82,'Do you think you could keep it to the.',15),(83,'Father William replied to his son, \'I.',50),(84,'I can\'t put it right; \'not that it was.',98),(85,'Alice: \'she\'s so extremely--\' Just.',62),(86,'I could say if I fell off the.',86),(87,'Alice, \'to pretend to be full of the.',30),(88,'CAN have happened to you? Tell us all.',46),(89,'Mock Turtle; \'but it seems to suit.',4),(90,'VERY short remarks, and she looked up.',8),(91,'Alice said nothing; she had not gone.',24),(92,'Alice, seriously, \'I\'ll have nothing.',27),(93,'There was exactly one a-piece all.',27),(94,'Alice: \'allow me to introduce it.\' \'I.',56),(95,'The Mouse only growled in reply..',19),(96,'MINE.\' The Queen turned angrily away.',82),(97,'I beg your pardon!\' she exclaimed in a.',85),(98,'On various pretexts they all cheered..',25),(99,'Just as she wandered about for some.',94),(100,'Alice said; \'there\'s a large cat which.',40);
/*!40000 ALTER TABLE `albums` ENABLE KEYS */;
UNLOCK TABLES;

--
-- Table structure for table `albums_content`
--

DROP TABLE IF EXISTS `albums_content`;
/*!40101 SET @saved_cs_client     = @@character_set_client */;
/*!50503 SET character_set_client = utf8mb4 */;
CREATE TABLE `albums_content` (
  `albums_id` int unsigned NOT NULL,
  `media_id` int unsigned NOT NULL,
  KEY `fk_albums_content_albums1_idx` (`albums_id`),
  KEY `fk_albums_content_media1_idx` (`media_id`),
  CONSTRAINT `fk_albums_content_albums1` FOREIGN KEY (`albums_id`) REFERENCES `albums` (`id`),
  CONSTRAINT `fk_albums_content_media1` FOREIGN KEY (`media_id`) REFERENCES `media` (`id`)
) ENGINE=InnoDB DEFAULT CHARSET=utf8mb4 COLLATE=utf8mb4_unicode_ci;
/*!40101 SET character_set_client = @saved_cs_client */;

--
-- Dumping data for table `albums_content`
--

LOCK TABLES `albums_content` WRITE;
/*!40000 ALTER TABLE `albums_content` DISABLE KEYS */;
INSERT INTO `albums_content` VALUES (93,87),(100,13),(4,313),(21,17),(68,8),(43,267),(86,451),(87,58),(79,288),(39,423),(71,107),(12,238),(58,238),(89,420),(1,475),(50,461),(13,245),(95,81),(12,77),(20,396),(17,310),(33,9),(53,95),(14,153),(77,257),(15,232),(73,131),(94,150),(74,413),(14,369),(78,315),(66,449),(12,304),(6,118),(76,127),(3,463),(88,175),(95,196),(54,38),(70,151),(59,424),(77,157),(11,352),(62,423),(53,376),(59,152),(38,121),(21,250),(85,130),(74,304),(52,380),(54,191),(11,238),(78,324),(56,235),(95,70),(32,358),(46,212),(42,32),(27,475),(82,425),(26,98),(10,227),(70,470),(72,214),(55,111),(19,39),(61,149),(56,188),(95,51),(85,447),(25,80),(61,346),(59,14),(76,426),(98,285),(71,114),(77,397),(68,229),(74,196),(89,138),(62,36),(36,107),(37,452),(59,156),(1,217),(21,123),(60,406),(94,88),(84,346),(3,407),(27,364),(5,13),(53,361),(49,126),(12,184),(53,362),(44,439),(94,403),(78,262),(12,392),(96,160),(3,275),(14,483),(73,485),(66,376),(79,460),(48,412),(95,500),(55,213),(25,328),(80,388),(38,115),(66,157),(4,215),(84,74),(22,397),(47,121),(35,299),(21,33),(57,432),(82,175),(79,147),(18,363),(30,358),(16,270),(38,472),(32,375),(18,483),(7,103),(40,450),(36,305),(70,410),(86,17),(42,29),(10,491),(93,457),(33,352),(21,251),(43,249),(22,290),(4,295),(53,176),(34,347),(32,200),(90,356),(30,126),(32,495),(8,86),(3,244),(23,61),(47,74),(4,399),(85,120),(30,139),(74,259),(86,387),(11,189),(13,222),(8,221),(85,485),(16,70),(22,236),(13,145),(65,77),(78,435),(28,122),(2,154),(5,433),(55,171),(15,143),(86,500),(6,482),(38,91),(41,223),(63,123),(42,387),(39,317),(25,257),(93,444),(67,350),(76,470),(95,387),(25,492),(64,397),(33,391),(8,91),(78,68),(15,78),(32,275),(61,470),(80,8),(72,90),(65,480),(70,286),(85,179),(27,302),(30,106),(38,271),(20,7),(34,260),(80,207),(71,288),(55,423),(73,433),(40,166),(81,94),(35,260),(37,496),(48,30),(57,162),(42,416),(93,355),(5,151),(26,119),(32,294),(76,55),(100,229),(69,274),(31,208),(42,348),(75,110),(89,45),(74,125),(8,107),(31,321),(54,362),(48,232),(44,257),(77,342),(75,39),(27,253),(19,135),(97,436),(82,132),(29,116),(96,15),(45,421),(12,94),(9,99),(41,199),(84,469),(12,155),(41,276),(83,82),(24,286),(25,253),(8,215),(78,20),(30,296),(31,293),(83,130),(62,136),(10,366),(46,95),(93,429),(59,384),(80,352),(8,98),(26,451),(36,245),(48,300),(100,275),(3,384),(59,163),(36,445),(92,90),(15,263),(45,124),(26,453),(44,93),(77,10),(96,279),(73,16),(76,490),(94,55),(47,203),(71,231),(96,368),(23,271),(7,293),(44,486),(77,289),(50,106),(83,376),(12,130),(94,440),(28,446),(44,1),(93,94),(98,428),(30,224),(26,2),(91,108),(74,68),(76,399),(73,94),(77,242),(77,132),(70,295),(2,407),(85,477),(70,63),(85,65),(13,384),(32,53),(63,307),(56,441),(62,231),(10,177),(60,426),(16,159),(4,460),(81,402),(19,249),(40,100),(31,120),(16,1),(37,498),(13,246),(77,223),(60,192),(6,75),(27,337),(62,181),(3,104),(22,90),(53,126),(10,163),(6,141),(83,223),(49,66),(69,316),(14,24),(63,130),(54,194),(71,68),(78,382),(29,19),(44,448),(40,231),(11,306),(64,313),(87,369),(96,458),(2,387),(37,250),(91,23),(14,17),(10,379),(30,316),(15,500),(77,459),(77,25),(96,98),(95,176),(66,23),(97,149),(68,411),(4,311),(74,27),(40,50),(56,149),(15,342),(34,119),(45,312),(87,293),(63,317),(51,192),(69,228),(58,313),(81,119),(67,383),(54,170),(59,284),(97,162),(63,178),(43,88),(66,283),(86,491),(81,150),(61,335),(89,114),(31,193),(62,492),(84,95),(61,322),(43,140),(41,480),(62,498),(53,290),(32,74),(94,370),(33,294),(31,90),(57,53),(48,87),(78,182),(41,38),(75,6),(6,294),(21,334),(24,313),(95,320),(59,283),(64,56),(15,476),(26,41),(69,290),(67,497),(76,118),(10,120),(41,436),(61,404),(95,174),(82,3),(94,10),(68,83),(65,310),(81,115),(19,220),(34,165),(39,299),(42,40),(18,39),(8,469),(32,86),(18,359),(5,388),(53,494),(13,173),(100,29),(37,332),(23,5),(29,15),(24,233),(47,289),(80,429),(18,103),(94,176),(29,4),(29,296),(18,231),(31,110),(24,418),(21,180),(18,98),(42,272),(86,320),(56,70),(67,394),(61,68),(37,199),(100,269),(61,464),(89,442),(94,87),(48,56),(64,392),(33,436),(62,268),(23,399),(74,323),(35,295),(29,446),(73,477),(68,166),(9,22),(73,41),(58,166),(1,234),(22,471),(64,345),(6,137),(48,191),(15,46),(92,187),(89,324),(2,115),(24,152),(13,482),(26,400),(30,173),(85,13),(43,211),(36,217),(89,285),(38,264),(26,213),(81,365),(81,473),(83,362),(32,355),(37,169),(94,303),(65,30),(57,449),(86,433),(25,350),(89,335);
/*!40000 ALTER TABLE `albums_content` ENABLE KEYS */;
UNLOCK TABLES;

--
-- Table structure for table `categories`
--

DROP TABLE IF EXISTS `categories`;
/*!40101 SET @saved_cs_client     = @@character_set_client */;
/*!50503 SET character_set_client = utf8mb4 */;
CREATE TABLE `categories` (
  `id` int unsigned NOT NULL AUTO_INCREMENT,
  `name` varchar(45) CHARACTER SET utf8mb4 COLLATE utf8mb4_unicode_ci NOT NULL,
  PRIMARY KEY (`id`)
) ENGINE=InnoDB AUTO_INCREMENT=6 DEFAULT CHARSET=utf8mb4 COLLATE=utf8mb4_unicode_ci;
/*!40101 SET character_set_client = @saved_cs_client */;

--
-- Dumping data for table `categories`
--

LOCK TABLES `categories` WRITE;
/*!40000 ALTER TABLE `categories` DISABLE KEYS */;
INSERT INTO `categories` VALUES (1,' female+female'),(2,' male+female'),(3,' male+male'),(4,' female'),(5,'male');
/*!40000 ALTER TABLE `categories` ENABLE KEYS */;
UNLOCK TABLES;

--
-- Table structure for table `comments`
--

DROP TABLE IF EXISTS `comments`;
/*!40101 SET @saved_cs_client     = @@character_set_client */;
/*!50503 SET character_set_client = utf8mb4 */;
CREATE TABLE `comments` (
  `text` text CHARACTER SET utf8mb4 COLLATE utf8mb4_unicode_ci,
  `users_id` int unsigned NOT NULL,
  `video_id` int unsigned DEFAULT NULL,
  `media_id` int unsigned DEFAULT NULL,
  `id` int NOT NULL AUTO_INCREMENT,
  `created_at` datetime NOT NULL DEFAULT CURRENT_TIMESTAMP,
  PRIMARY KEY (`id`),
  KEY `fk_comments_users1_idx` (`users_id`),
  KEY `fk_comments_video1_idx` (`video_id`),
  KEY `fk_comments_media1_idx` (`media_id`),
  CONSTRAINT `fk_comments_media1` FOREIGN KEY (`media_id`) REFERENCES `media` (`id`),
  CONSTRAINT `fk_comments_users1` FOREIGN KEY (`users_id`) REFERENCES `users` (`id`),
  CONSTRAINT `fk_comments_video1` FOREIGN KEY (`video_id`) REFERENCES `video` (`id`)
) ENGINE=InnoDB AUTO_INCREMENT=101 DEFAULT CHARSET=utf8mb4 COLLATE=utf8mb4_unicode_ci;
/*!40101 SET character_set_client = @saved_cs_client */;

--
-- Dumping data for table `comments`
--

LOCK TABLES `comments` WRITE;
/*!40000 ALTER TABLE `comments` DISABLE KEYS */;
INSERT INTO `comments` VALUES ('Id sapiente nihil sit qui et. Alias repellat aut ea voluptatem. Est autem illum voluptatum iste ut et aliquid. Esse eaque itaque et nostrum omnis.',36,306,12,1,'1987-04-25 15:27:15'),('Sed aut aut voluptas. Iusto magnam necessitatibus consequatur. Qui asperiores corporis sit sapiente magni iusto alias. Id ab autem et molestias. Veritatis molestiae culpa quaerat ut.',99,39,8,2,'2002-09-23 08:35:15'),('Eos rerum dignissimos perferendis provident ullam non. Optio odio nesciunt voluptatem quia. Et voluptates et ipsum maiores consequatur ut. Voluptatum aut et quos accusantium et beatae.',68,15,129,3,'1987-02-20 23:12:18'),('Distinctio eos ducimus sequi dolore. Deleniti atque aspernatur eum aut. Vitae earum aperiam quae sed minima. Maiores dicta dolorem repellat quidem.',22,413,214,4,'1982-05-05 04:16:18'),('Sed nam facilis quidem nihil quia voluptate. Molestias similique qui temporibus. Molestiae at repellat asperiores aut.',90,105,313,5,'1983-01-18 22:51:54'),('Sunt qui voluptatem quam. Voluptate adipisci dolorum dolore neque. Deleniti beatae ullam inventore asperiores ipsum qui odit. Dolorum officia quidem voluptate et.',100,254,235,6,'2013-03-21 02:10:18'),('Reiciendis placeat architecto et fugit aut ducimus expedita. Amet maxime omnis voluptas sit. Doloremque temporibus laboriosam reiciendis reprehenderit amet.',13,101,258,7,'2004-07-13 02:32:25'),('Sed consequuntur nihil et voluptate consequatur accusamus placeat vero. Error et quam eum neque quia assumenda a eligendi. Consequatur est voluptas hic dolores et temporibus asperiores doloribus.',5,430,238,8,'2012-05-23 08:54:27'),('Pariatur adipisci mollitia animi modi fuga atque ut nobis. Nostrum et perferendis dolores nemo. Unde tenetur dolorem voluptatibus et modi quas. Reiciendis est odit et voluptas quisquam autem.',54,9,304,9,'1991-12-28 03:14:28'),('Error doloremque enim itaque aperiam omnis. Adipisci quisquam illum ut ut dolor exercitationem amet explicabo. Sunt quo consequatur alias et. Et aperiam nihil ad odit.',2,214,318,10,'2001-09-03 06:11:01'),('Sed aut perspiciatis rerum vel esse. Nostrum fugiat inventore eos quia ex reiciendis repudiandae. Sunt vero magni neque molestias.',37,391,124,11,'2001-02-07 06:24:24'),('Non velit rem similique ea quia. Architecto ipsa ea eligendi similique. Id cum quasi possimus perspiciatis eum. Vitae voluptatem velit quidem facilis laudantium illo fuga ut.',39,383,163,12,'2009-07-25 18:03:12'),('Nihil laudantium laudantium assumenda facere voluptatem ducimus. Accusantium deleniti quia aut officiis est explicabo. Autem omnis alias dolor neque ut sit.',41,218,177,13,'1989-08-01 21:37:13'),('Vero ratione voluptate dolore iusto officiis dolorem. Eligendi et non ea ab optio. Hic rem voluptas ex porro suscipit officia. Assumenda voluptas quos accusantium ut voluptas dolores.',67,326,89,14,'2016-03-24 10:31:54'),('Non eius perspiciatis voluptas et et recusandae. Necessitatibus odio ut alias voluptates error ipsum. Molestiae magni eos enim totam ut aut.',9,276,193,15,'2009-01-04 09:06:58'),('Est maxime est pariatur adipisci cum non. Fugiat ipsa id illum sit fugiat nihil. Natus animi omnis repellat mollitia iste.',72,272,446,16,'2010-08-07 14:11:57'),('Incidunt et optio est et quae ipsam at. Ducimus quo consequuntur omnis dicta rerum a. Dolorem architecto ipsa eum excepturi.',19,332,47,17,'1984-02-26 10:17:43'),('Cupiditate est aut ut corporis. Et accusantium debitis provident possimus laudantium labore. Aperiam tempore eos aut nobis expedita soluta. Asperiores iure mollitia delectus quasi vero.',70,354,476,18,'2004-09-12 07:32:28'),('Aspernatur voluptatum quibusdam dolores. Ex ullam aut assumenda facere numquam esse vero. Porro dolorum cupiditate aut reprehenderit hic ut facere magni.',18,120,484,19,'1972-05-22 03:28:59'),('Libero iste suscipit veritatis quaerat. Qui in nihil est laboriosam fugit sint aut. Molestiae inventore vero molestias sit molestiae dolores. Explicabo est recusandae consequatur accusamus voluptas.',78,130,197,20,'2002-01-28 15:07:45'),('Recusandae qui autem accusamus esse esse. Velit qui sint delectus nemo qui. Praesentium aut corrupti itaque. Ad nemo voluptatibus iste porro voluptatum ipsam.',42,313,88,21,'1970-06-19 11:04:13'),('Modi quisquam dolor quos voluptatem sed sit. Sint soluta labore omnis nulla necessitatibus qui iusto.\nAutem blanditiis quia explicabo. Et qui aspernatur inventore inventore veniam.',66,8,470,22,'1975-07-12 23:47:20'),('Delectus id qui voluptatibus in laudantium natus tempore ea. Vitae quis non maxime eligendi a omnis. Ut eaque sapiente voluptatum aperiam sequi.',99,210,187,23,'2016-05-27 05:05:24'),('Praesentium autem qui et nam sed minus ex. Ipsam quidem quia sequi aut quia molestiae. Dolor ex at ea accusamus ipsum autem ullam.',34,40,13,24,'1998-04-15 03:06:12'),('Laudantium quaerat ratione et a. Aliquid enim aut dolor maiores id quo. Temporibus quasi iure dignissimos qui. Sint dolor modi enim esse adipisci.',52,84,289,25,'2013-11-12 03:10:14'),('Consequatur ducimus delectus voluptas mollitia et autem aliquid. Rerum cupiditate quia autem sed. Cupiditate dignissimos sed delectus aut.',90,439,60,26,'2008-09-22 00:17:10'),('Sint similique natus omnis dolor molestiae perferendis. Et itaque sapiente et consectetur impedit possimus. Quam natus ut neque animi sit. Quis velit dolor impedit qui voluptas exercitationem.',79,30,392,27,'2003-10-03 15:16:10'),('Iusto sit magni accusamus illo ea dolorem. Accusantium ea nostrum est nesciunt. Autem non repellendus hic eos.',89,379,245,28,'1991-06-29 14:14:27'),('Non nemo consequatur culpa est sapiente natus minus sit. Mollitia dolorum unde accusantium. Rem in facere voluptatem exercitationem est.',84,465,365,29,'1999-12-02 03:33:16'),('Atque dolores nemo rerum nisi reprehenderit cumque vel. Et autem saepe optio qui consequatur. Sed quas sed ipsum ea blanditiis illum. Rem expedita fuga porro ducimus sunt recusandae.',80,354,494,30,'1997-12-10 07:30:38'),('Ab qui animi non laudantium. Odio consequatur deserunt eos nesciunt id quia vel. Officia commodi non quibusdam voluptate.',20,60,307,31,'2014-09-03 20:07:15'),('Error ut vel non et sit ut fugit. Quaerat a voluptas aliquid odio fuga. Qui earum est in dolorum beatae. Et molestiae aperiam tempora.',37,390,315,32,'1995-10-02 21:58:21'),('Sint iusto voluptas odio beatae quia quibusdam. Rerum quos doloribus eum vel omnis quis molestiae. Et aliquam quidem eum mollitia et sint dolorem. Fuga ad aut at placeat non fugit.',31,382,24,33,'1983-03-29 06:43:37'),('Quis ad facilis laboriosam impedit. Reprehenderit in adipisci et voluptas occaecati. Quis omnis blanditiis natus quia.',68,50,64,34,'2004-11-20 13:14:51'),('Totam excepturi omnis officia animi est vitae earum qui. Praesentium nobis vel amet optio molestiae.\nHarum excepturi nisi sed similique molestias officia voluptatum ut. Voluptates quia sint eveniet.',71,306,147,35,'1990-01-29 03:20:51'),('Enim consequatur nostrum voluptates non officiis. Nam et sit ut et labore. Sunt sit earum voluptas praesentium ab qui. Molestias impedit illo distinctio fugiat saepe dolorem possimus.',29,255,86,36,'1980-07-15 03:04:17'),('Qui vel id itaque sequi natus voluptatem qui. Sint adipisci iste est facere cupiditate. Architecto qui quia quas ut nam odit est. Ea ut odit sed totam provident.',41,150,116,37,'1999-06-04 02:43:33'),('Omnis sed eius praesentium libero enim rerum. Eum quibusdam eos consequatur necessitatibus qui. Impedit ducimus magnam illum atque dolores facere atque alias.',19,90,494,38,'1986-11-21 07:22:32'),('Accusamus iure et molestiae. Et sint est iste. Eveniet quo iusto aut aut dolorem.',68,6,458,39,'1992-03-26 17:27:14'),('Excepturi et dolor id eum deserunt qui quaerat. Amet provident dolores quae omnis mollitia optio sapiente. Laudantium qui sint repellat et. Voluptatem numquam ut et sed et blanditiis.',41,406,311,40,'2008-04-06 21:35:36'),('Architecto optio sed debitis nihil magni et. Autem dolor quas ipsa aliquam. Est tenetur fugiat cum alias dolor beatae voluptatem sed.',39,2,371,41,'2002-03-27 01:48:04'),('Dolor molestiae rerum quasi et debitis. Nesciunt cupiditate quibusdam vel consequatur. Quia id voluptatibus impedit rerum. Occaecati fugiat laborum aut illo praesentium eos voluptatem ut.',1,186,260,42,'1996-12-07 12:27:40'),('Repellendus saepe esse voluptatem. Quam debitis odio voluptatem non. Ullam tenetur accusamus quidem voluptatem corrupti dolore illo.',64,339,141,43,'1989-11-30 15:10:14'),('Facilis nihil id vel adipisci. Repudiandae ut quidem perferendis. Distinctio aspernatur ipsum accusantium eos. Minus fugit dicta recusandae.',68,179,191,44,'2012-05-10 21:48:39'),('Nostrum non harum cumque ex. Sint assumenda temporibus laudantium libero omnis amet molestias amet. Autem est tempore deserunt est ut officia. Illo ut quam sapiente excepturi eos quibusdam dolor.',81,32,497,45,'1974-03-18 05:03:16'),('Consectetur odit ex sit accusamus inventore. Quia repellendus voluptatem ex. Consequatur beatae dicta optio quo earum et.',10,172,251,46,'1981-01-10 08:58:35'),('Possimus maiores temporibus dolore velit et ipsam fugit. Cum qui voluptatem nam sit sit sapiente iure.',28,373,401,47,'2016-08-30 10:55:20'),('Consequatur consequatur enim expedita at sit aliquid recusandae. Aut quibusdam laborum qui pariatur explicabo qui quod. Velit omnis magni dolorem harum ut corrupti eos.',51,464,490,48,'2009-04-10 18:47:04'),('Et exercitationem nesciunt dolorem voluptatem facere aspernatur. Corporis omnis et voluptatem aspernatur sequi voluptates et. Et eveniet natus quibusdam odio et.',49,300,496,49,'1996-06-14 20:03:32'),('Esse voluptatem natus porro expedita soluta est. Impedit ut velit deleniti autem iste iure reiciendis. Illum cupiditate id mollitia in molestiae. Eum architecto tempora eum.',41,1,401,50,'1992-12-30 18:36:08'),('Earum rerum illum facere sunt. Et quia vel tempore maxime molestias. Voluptatem et aut recusandae dolor provident. Laboriosam et autem ex ab occaecati culpa.',3,195,402,51,'2017-05-25 08:56:11'),('Vel nostrum exercitationem et aut. Eum vel natus optio aut quia. Quasi dignissimos et quo culpa praesentium.',77,196,87,52,'2002-04-25 23:05:30'),('Sunt eum qui quasi et non enim. Est occaecati ea sit dolores sed autem neque. Nostrum temporibus amet nostrum alias rem velit. Ratione quisquam sapiente qui iste.',29,11,426,53,'2009-09-09 09:54:47'),('Doloremque autem aperiam deserunt minima. Officiis sit impedit mollitia. Qui fugit eum molestiae ipsum. Ut deleniti commodi a animi vel quis.',57,350,104,54,'1996-09-10 21:53:46'),('Id omnis nihil tenetur alias aut ratione. Vel optio perspiciatis officiis omnis nam veniam sunt. Voluptatem omnis temporibus deserunt non et officiis.',95,253,135,55,'1986-05-03 12:37:59'),('Dolor esse nihil id aliquid sed. Velit unde et deleniti suscipit perferendis suscipit. Cumque fugit id voluptas nihil. Veritatis quia maxime accusamus architecto eius.',95,302,307,56,'2018-01-19 08:35:13'),('Aut quo molestiae sint tempore. Corrupti saepe perferendis sit et autem et. Fugit repellendus qui et est. Sint soluta accusamus temporibus quibusdam aperiam.',45,438,179,57,'2004-10-21 17:07:58'),('Exercitationem velit placeat ea rerum qui. Laborum iusto non veniam eos recusandae et.',25,188,143,58,'1971-10-01 06:45:41'),('Tenetur molestiae nulla quia ut facere est in doloribus. Sunt et numquam et quia impedit deserunt est. Sit ratione sit quia perspiciatis tempore consequatur ea et.',23,433,442,59,'1970-02-13 15:09:51'),('Qui sapiente occaecati aut dolorum iste. Sapiente asperiores tempora a earum ut dolores. Qui vel placeat aperiam officiis maiores facilis accusamus. Et dolor quo fugit.',22,135,442,60,'2014-03-21 20:58:32'),('Exercitationem quasi eos delectus illo velit nihil voluptatum. Velit dolorem nostrum eveniet eos. Aut dolores quasi adipisci.',2,148,137,61,'1970-08-18 23:45:42'),('Sint ea et itaque saepe. Rem dolores distinctio totam totam ad nam similique fugit. Corrupti delectus enim optio velit repudiandae sit.',82,32,333,62,'1993-08-08 20:46:18'),('Animi quia odit aut assumenda quae quam. Reprehenderit rerum sit occaecati nihil ut. Dolorum odit et ducimus veniam.',99,175,344,63,'2010-05-28 00:55:50'),('Magni eum unde at. Saepe et est fugit blanditiis sunt velit nobis. Quaerat odit odit amet adipisci quo.',85,459,194,64,'2012-08-23 10:48:07'),('Sed quidem natus aspernatur est aliquid voluptates et. Aut suscipit temporibus possimus occaecati.',5,434,446,65,'2012-09-27 13:13:42'),('Cum excepturi provident natus voluptatum. Et qui cum sed enim. Perspiciatis quos possimus sint quo.',32,404,248,66,'1979-07-25 21:34:21'),('Ad sunt esse et et. Iure sint voluptas voluptatem iusto commodi blanditiis rerum autem. Omnis culpa perferendis et vero doloremque iure. Aspernatur consequuntur quia quos.',94,126,185,67,'2020-03-02 22:18:44'),('Beatae rerum quas in sunt. Adipisci hic impedit aspernatur sint. Dolor excepturi beatae corporis veniam excepturi omnis. Soluta quis voluptatem eius molestiae ipsa non.',29,247,373,68,'1972-03-26 11:09:49'),('Voluptatem sed veniam laboriosam dolorem sapiente voluptas. Dolores omnis ut sit rerum.',58,358,305,69,'2000-04-27 17:43:25'),('Qui iusto nesciunt eum ipsum provident ut ex ut. Est sint culpa consequatur et magni mollitia suscipit. Suscipit qui officiis culpa ea occaecati provident sit.',46,464,439,70,'1976-09-12 09:49:15'),('Magnam ut nihil commodi enim. Est sint facere et ea animi molestias. Nostrum aspernatur sit voluptas nemo vel odio deleniti. Incidunt saepe voluptas unde exercitationem.',35,471,87,71,'2003-12-24 18:15:05'),('Dicta qui est praesentium. Voluptas qui nihil amet. Sed qui quas maxime sint voluptas doloremque dignissimos. Est aut dolores sequi incidunt nihil possimus.',62,378,118,72,'2017-09-16 01:07:27'),('Totam quisquam optio fugit aspernatur error non nisi sunt. Totam voluptate alias aut dolore esse ea. Voluptas voluptate dolorum aliquid qui et consequuntur. Maxime distinctio est deleniti aliquid et.',28,373,292,73,'1971-05-23 17:01:25'),('Id et deserunt perferendis omnis. Voluptate rerum doloremque asperiores doloremque harum est consequuntur. Saepe nemo praesentium vel et eligendi tempore voluptate.',97,294,251,74,'2006-05-09 17:38:45'),('Qui quod excepturi deleniti temporibus. Pariatur sunt nam non tenetur omnis eum. At dolor molestiae dolores fugiat porro et amet. Fugit eum tempora quo eligendi et.',36,318,184,75,'1975-12-08 10:02:53'),('Quis sit aut harum ut expedita ipsum. Eum at praesentium voluptas. Quis deleniti assumenda assumenda illum perferendis aut.',25,477,87,76,'1999-04-26 20:37:52'),('Possimus iste quae ut et adipisci. Repellat quod voluptatem consectetur quod ea aut dignissimos. Ut distinctio qui numquam incidunt.',74,443,213,77,'2021-01-01 19:33:46'),('Sunt enim ducimus et hic cumque. Quasi est aliquid est corporis odit sint. Ab ipsum non ex ducimus.',11,87,459,78,'2016-06-27 18:51:59'),('Ad blanditiis quis harum provident aliquam. Magni sint similique error cupiditate ea. Et eius earum et.',86,374,317,79,'1986-07-24 04:44:22'),('Cumque aut commodi error consequatur. Magnam quo minus eos. Nihil optio quisquam aliquam asperiores et aut. Dicta doloribus veniam molestias ut totam et.',46,102,281,80,'1975-08-06 13:48:08'),('Aut eos autem cum. Autem et non tenetur veritatis eum. Possimus est aut repudiandae cum.',34,273,251,81,'1975-02-03 10:54:07'),('Nobis sed omnis enim molestias. Eveniet nobis perspiciatis suscipit perspiciatis qui est. Asperiores temporibus excepturi deserunt.\nAut blanditiis at inventore aut. Necessitatibus at soluta voluptas.',51,80,129,82,'1993-12-04 05:57:09'),('Consequatur beatae eaque voluptatum tempora. Fugit dolore quas sit unde et natus architecto. Fuga at cumque occaecati porro nam.',75,219,2,83,'1996-07-14 00:53:05'),('Ab voluptatem modi autem aut excepturi ab laudantium ducimus. Eos culpa voluptatem consequuntur deserunt voluptatem. Animi aspernatur praesentium consequatur aut. Veniam in error quasi nihil.',33,201,295,84,'2005-09-25 01:12:39'),('Cumque ullam nobis et qui debitis et. Est quis amet et corrupti eaque. Sunt enim commodi ex delectus exercitationem quaerat aut.',83,377,112,85,'1989-02-02 11:00:59'),('Corrupti aut aspernatur consequatur tenetur adipisci enim. Ut quia dolores explicabo magni libero voluptatem est. Omnis est ut cum earum ipsam atque voluptate rerum.',20,498,88,86,'2013-12-28 06:00:44'),('Sint et dolorum non. Consequatur et hic deserunt veritatis est. Dolorum vel sed aliquid reiciendis quod. Neque cumque harum impedit.',37,367,30,87,'2011-10-15 18:49:40'),('Adipisci aspernatur eos excepturi et. Error alias repellendus mollitia a necessitatibus qui. Non laborum cupiditate soluta consequatur iste ab atque.',80,420,117,88,'1992-06-20 09:20:14'),('Aliquid suscipit tempore ut consectetur maiores sunt est. Deleniti et voluptatem hic est. Laudantium et quae cumque. Hic ipsa voluptatibus non ea culpa.',71,345,490,89,'1981-05-31 20:18:21'),('Voluptatem voluptatem voluptatem assumenda. Accusantium rerum vero molestiae eligendi ut. Sed qui dignissimos voluptates officia ea nam sit. Quia voluptas asperiores sunt.',35,75,92,90,'1999-09-19 14:09:54'),('Est quae perspiciatis dolorem nemo. Temporibus corrupti tenetur adipisci qui praesentium.',91,243,365,91,'1997-08-02 03:37:10'),('Sunt at in ex quis consequatur aspernatur numquam. Cum repellat dolor qui qui. Sapiente deserunt corporis et aperiam.',41,498,444,92,'2018-10-07 13:06:00'),('Sed deserunt harum ullam voluptas odio corporis. Et deleniti assumenda eum sed. Dolor dicta non quo inventore. Corporis aut consequatur dolorem ut maxime consequuntur.',67,370,162,93,'1983-07-13 10:03:43'),('Qui totam exercitationem id quia enim aut sequi. Ducimus consequatur non excepturi et architecto. Et sed vitae voluptate dolor. Ratione rem ea non consequuntur iure.',67,33,363,94,'2015-05-21 15:38:30'),('Aut non sunt pariatur voluptates officia nostrum. Qui porro illo labore dolor error. Fugiat nesciunt labore ullam ut fugit. Est dolor eum voluptatum et recusandae.',26,447,240,95,'1997-10-04 02:03:42'),('Aut sequi dolorem sit ut voluptates. Incidunt tempore ea nihil quam consequatur eos beatae. Dignissimos provident praesentium nisi eum.',48,44,237,96,'1986-01-12 12:44:52'),('Dolorem sequi natus debitis laboriosam sit. Aut totam aut dolorum eum velit earum. Expedita expedita sapiente possimus fuga sunt cum autem. Ut recusandae voluptatum cum cupiditate vel.',66,228,103,97,'1989-06-21 21:29:41'),('Consequatur voluptas quisquam laudantium. Ea itaque deleniti necessitatibus eum ad corrupti error. Sapiente iste quos sed maxime repellat corporis laboriosam velit.',72,124,23,98,'1999-02-08 22:38:34'),('Aut magnam fugit maxime voluptate dolorem. Magni ipsam et quibusdam ut distinctio. Quasi mollitia recusandae veniam aut qui aspernatur.',95,479,367,99,'1985-07-19 21:00:33'),('Nesciunt impedit cumque consequuntur deserunt. Voluptatibus vero dolor quam doloribus consequatur. Impedit laudantium voluptas atque temporibus temporibus qui voluptate.',93,151,442,100,'1973-11-28 23:07:01');
/*!40000 ALTER TABLE `comments` ENABLE KEYS */;
UNLOCK TABLES;

--
-- Table structure for table `likes`
--

DROP TABLE IF EXISTS `likes`;
/*!40101 SET @saved_cs_client     = @@character_set_client */;
/*!50503 SET character_set_client = utf8mb4 */;
CREATE TABLE `likes` (
  `users_id` int unsigned NOT NULL,
  `video_id` int unsigned DEFAULT NULL,
  `media_id` int unsigned DEFAULT NULL,
  KEY `fk_likes_users1_idx` (`users_id`),
  KEY `fk_likes_video1_idx` (`video_id`),
  KEY `fk_likes_media1_idx` (`media_id`),
  CONSTRAINT `fk_likes_media1` FOREIGN KEY (`media_id`) REFERENCES `media` (`id`),
  CONSTRAINT `fk_likes_users1` FOREIGN KEY (`users_id`) REFERENCES `users` (`id`),
  CONSTRAINT `fk_likes_video1` FOREIGN KEY (`video_id`) REFERENCES `video` (`id`)
) ENGINE=InnoDB DEFAULT CHARSET=utf8mb4 COLLATE=utf8mb4_unicode_ci;
/*!40101 SET character_set_client = @saved_cs_client */;

--
-- Dumping data for table `likes`
--

LOCK TABLES `likes` WRITE;
/*!40000 ALTER TABLE `likes` DISABLE KEYS */;
INSERT INTO `likes` VALUES (15,21,169),(22,260,55),(61,472,46),(100,31,291),(91,455,334),(12,155,8),(25,408,97),(66,463,219),(89,149,411),(24,291,334),(48,366,354),(82,472,114),(93,273,86),(2,273,117),(60,226,71),(27,282,226),(28,403,133),(47,228,96),(91,173,244),(73,289,35),(40,27,401),(11,433,372),(33,394,145),(50,401,417),(74,198,142),(88,328,424),(33,465,326),(60,199,54),(79,151,226),(27,14,15),(34,210,41),(14,261,474),(89,425,368),(18,175,269),(1,41,467),(29,478,294),(14,140,259),(79,435,458),(90,326,108),(35,460,122),(37,130,332),(46,199,92),(40,140,17),(14,226,191),(68,228,231),(61,371,208),(20,438,348),(71,330,283),(63,276,109),(84,446,69),(9,131,198),(75,356,396),(93,56,36),(96,123,261),(35,459,489),(81,260,360),(22,356,298),(92,210,127),(48,22,402),(70,441,348),(83,482,478),(23,354,334),(2,318,389),(9,297,12),(61,467,470),(59,368,229),(31,477,85),(90,433,294),(16,172,315),(96,19,256),(65,433,237),(61,45,91),(28,53,408),(5,95,205),(8,399,172),(1,191,40),(47,343,16),(64,291,449),(23,367,121),(86,344,139),(37,169,72),(84,471,116),(2,107,168),(84,131,263),(25,166,162),(59,171,353),(67,404,196),(70,222,486),(60,333,353),(84,259,197),(12,441,365),(26,360,336),(49,369,442),(83,286,73),(35,407,239),(68,200,409),(38,32,313),(77,379,34),(74,176,366),(45,93,125),(84,148,66),(57,275,425),(24,17,294),(12,428,80),(27,101,486),(74,436,186),(56,124,217),(18,7,96),(25,375,271),(98,96,364),(23,13,12),(36,295,286),(21,412,303),(80,470,230),(96,100,331),(93,469,267),(30,247,390),(73,337,396),(92,460,271),(47,449,367),(19,63,380),(22,242,174),(79,346,85),(39,244,55),(85,221,154),(51,183,123),(4,331,369),(82,196,206),(61,156,165),(15,386,113),(89,480,175),(65,85,417),(99,476,262),(16,168,6),(27,90,226),(58,342,408),(82,361,239),(56,268,435),(97,72,90),(30,146,476),(52,87,455),(87,407,40),(71,401,15),(23,479,183),(24,111,273),(69,398,115),(51,307,475),(98,85,243),(85,68,314),(3,216,460),(98,475,46),(89,410,453),(97,261,353),(100,374,331),(36,492,442),(91,334,339),(14,85,146),(9,75,230),(57,499,298),(20,12,13),(12,500,488),(21,443,398),(11,426,158),(82,423,32),(48,103,23),(36,55,357),(4,122,441),(33,163,16),(79,446,14),(39,43,26),(41,100,26),(39,202,468),(18,257,393),(50,163,316),(56,401,419),(61,79,474),(32,97,95),(20,260,257),(23,153,202),(26,344,245),(31,47,344),(36,238,46),(29,327,302),(8,73,465),(71,351,365),(55,151,444),(49,307,40),(68,405,299),(19,17,452),(60,143,295),(9,295,341),(77,472,79),(87,116,406),(47,154,479),(40,6,329),(13,277,480),(1,21,287),(9,359,191),(69,454,208),(59,250,351),(18,292,146),(86,176,117),(2,107,233),(83,338,386),(79,34,392),(44,95,168),(40,98,188),(98,141,47),(36,483,500),(77,276,250),(47,364,41),(76,293,217),(100,300,323),(46,213,161),(23,104,195),(2,323,289),(35,22,387),(73,8,27),(82,185,10),(82,69,286),(32,303,150),(40,183,442),(83,179,242),(48,407,455),(80,21,58),(19,26,381),(76,199,403),(54,60,411),(59,467,95),(61,374,164),(18,30,466),(48,226,149),(36,140,327),(85,375,234),(75,272,254),(87,362,280),(63,242,479),(44,7,38),(26,300,4),(44,102,377),(77,190,407),(70,427,133),(100,106,272),(65,26,147),(12,401,418),(63,334,280),(19,146,21),(14,362,28),(22,487,327),(22,207,429),(98,90,118),(79,438,45),(6,435,150),(60,259,175),(89,316,76),(73,127,409),(28,217,55),(32,286,416),(38,392,402),(3,2,108),(89,489,197),(13,382,135),(21,408,70),(51,204,329),(86,147,144),(1,8,270),(83,147,487),(94,307,273),(77,494,165),(57,7,166),(79,450,154),(18,10,36),(45,114,443),(59,367,147),(24,295,294),(53,299,301),(7,210,448),(4,176,254),(59,57,247),(92,340,254),(25,230,203),(56,317,213),(63,38,326),(51,329,193),(81,447,488),(39,210,286),(99,242,496),(89,261,171),(40,52,228),(89,8,67),(40,129,297),(80,404,113),(23,215,150),(88,468,478),(26,368,425),(24,62,134),(81,57,375),(80,498,136),(14,194,188),(59,135,195),(73,331,324),(32,229,227),(55,339,442),(85,274,409),(80,402,277),(65,17,339),(92,418,395),(67,314,393),(94,381,86),(31,175,221),(70,37,51),(35,195,279),(80,465,117),(68,385,391),(50,283,292),(6,106,309),(73,63,227),(52,394,41),(31,361,421),(48,15,96),(92,364,132),(2,36,326),(58,435,291),(81,274,175),(59,23,458),(17,49,63),(79,412,126),(24,171,19),(32,322,380),(17,58,395),(36,14,258),(62,21,294),(27,307,228),(85,209,2),(20,1,25),(12,85,73),(24,478,485),(49,98,155),(53,258,476),(29,338,33),(8,14,47),(59,322,68),(18,455,374),(64,379,82),(64,477,83),(69,32,167),(83,151,144),(80,394,242),(11,156,499),(6,298,336),(13,334,350),(22,129,171),(36,216,126),(10,32,4),(27,349,480),(43,190,12),(76,103,162),(5,1,55),(53,53,211),(53,81,9),(20,142,342),(90,250,471),(24,426,186),(49,475,217),(50,106,66),(46,320,255),(48,200,357),(80,223,358),(91,488,411),(33,251,492),(35,350,134),(3,298,383),(97,416,309),(35,160,284),(78,407,389),(91,133,209),(42,371,408),(13,270,131),(85,224,118),(67,389,369),(65,62,218),(92,76,16),(68,61,432),(30,232,91),(87,119,497),(64,72,130),(6,279,1),(88,342,270),(14,264,494),(37,95,382),(11,418,444),(54,375,20),(57,214,80),(44,361,312),(62,291,430),(61,111,2),(87,139,280),(87,74,122),(41,139,385),(40,322,480),(16,374,398),(5,143,272),(9,428,485),(25,144,346),(87,450,137),(73,254,247),(73,187,385),(29,120,458),(53,323,97),(30,20,418),(26,98,292),(5,120,434),(60,161,361),(57,281,5),(26,213,454),(53,74,208),(2,437,394),(79,79,14),(71,343,336),(90,491,355),(73,119,453),(32,143,72),(18,440,232),(90,220,13),(91,346,225),(82,108,299),(23,116,235),(2,9,314),(5,359,157),(72,306,147),(43,170,265),(33,326,408),(48,414,347),(94,364,67),(97,318,413),(42,226,20),(1,341,136),(48,349,144),(11,370,3),(42,227,308),(72,439,478),(25,103,303),(6,340,217),(75,308,81),(89,289,398),(71,494,124),(75,498,464),(2,237,313),(31,289,182),(32,498,409),(93,353,348),(89,474,451),(49,2,290),(92,376,97),(8,318,386),(88,172,380),(13,45,377),(5,54,113),(68,206,402),(4,361,399),(86,324,252),(55,264,226),(45,7,227),(3,466,103),(23,5,420),(100,442,91),(75,3,135),(51,27,189),(73,364,395),(54,382,256),(33,309,80),(84,84,344),(29,308,350),(74,322,316),(94,432,320),(78,428,262),(96,303,264),(23,55,291),(61,419,154),(40,184,36),(91,349,344),(7,265,427),(75,407,235),(45,274,56),(8,244,488),(72,133,415),(25,112,218),(77,227,272),(35,30,190),(66,227,374),(73,179,222),(42,210,487),(27,84,393),(74,308,166),(85,347,410),(83,206,42),(66,326,154),(9,211,380),(63,386,409),(1,214,136);
/*!40000 ALTER TABLE `likes` ENABLE KEYS */;
UNLOCK TABLES;

--
-- Table structure for table `media`
--

DROP TABLE IF EXISTS `media`;
/*!40101 SET @saved_cs_client     = @@character_set_client */;
/*!50503 SET character_set_client = utf8mb4 */;
CREATE TABLE `media` (
  `id` int unsigned NOT NULL AUTO_INCREMENT,
  `url` varchar(45) CHARACTER SET utf8mb4 COLLATE utf8mb4_unicode_ci DEFAULT NULL,
  `name` varchar(45) CHARACTER SET utf8mb4 COLLATE utf8mb4_unicode_ci NOT NULL,
  `size` bigint NOT NULL DEFAULT '0',
  `uploaded_at` datetime NOT NULL DEFAULT CURRENT_TIMESTAMP,
  `status` tinyint(1) NOT NULL DEFAULT '1' COMMENT '0 - non active, 1 - active',
  `metadata` longtext CHARACTER SET utf8mb4 COLLATE utf8mb4_unicode_ci,
  `users_id` int unsigned NOT NULL,
  `media_types_id` int unsigned NOT NULL,
  `categories_id` int unsigned NOT NULL,
  PRIMARY KEY (`id`),
  KEY `fk_media_users1_idx` (`users_id`),
  KEY `fk_media_media_types1_idx` (`media_types_id`),
  KEY `fk_media_categories1_idx` (`categories_id`),
  CONSTRAINT `fk_media_categories1` FOREIGN KEY (`categories_id`) REFERENCES `categories` (`id`),
  CONSTRAINT `fk_media_media_types1` FOREIGN KEY (`media_types_id`) REFERENCES `media_types` (`id`),
  CONSTRAINT `fk_media_users1` FOREIGN KEY (`users_id`) REFERENCES `users` (`id`)
) ENGINE=InnoDB AUTO_INCREMENT=501 DEFAULT CHARSET=utf8mb4 COLLATE=utf8mb4_unicode_ci;
/*!40101 SET character_set_client = @saved_cs_client */;

--
-- Dumping data for table `media`
--

LOCK TABLES `media` WRITE;
/*!40000 ALTER TABLE `media` DISABLE KEYS */;
INSERT INTO `media` VALUES (1,'pwjiitvgr','quos',4537,'2018-09-06 09:38:57',0,NULL,85,1,2),(2,'qazyoltoh','porro',389,'1984-06-06 12:25:31',1,NULL,47,1,1),(3,'jvieqetur','consequuntur',3163,'1972-08-10 17:32:03',1,NULL,70,2,4),(4,'yjlcuties','consequuntur',2900,'1990-06-13 18:05:35',0,NULL,95,2,1),(5,'onbidzncx','delectus',2990,'2004-09-14 11:44:42',1,NULL,68,1,2),(6,'ojwakaunc','quisquam',1403,'1972-05-18 10:17:00',1,NULL,43,1,1),(7,'zfnimrgyk','pariatur',2609,'2013-04-02 16:18:01',1,NULL,87,2,5),(8,'ngtrtggqg','id',3164,'1997-10-30 05:13:09',1,NULL,82,2,1),(9,'ieeefkrna','iure',2761,'1980-12-30 00:31:54',1,NULL,6,1,4),(10,'iycnextck','ut',2077,'2017-09-22 12:03:54',1,NULL,18,1,3),(11,'tggxpvsqz','ea',4730,'1987-03-11 06:38:21',0,NULL,29,1,4),(12,'corkvypae','voluptatum',4931,'1993-12-07 15:06:11',0,NULL,59,2,1),(13,'xrjtsjtti','aspernatur',481,'1975-12-05 07:32:44',1,NULL,78,1,1),(14,'nbtaduova','ut',1648,'2008-08-12 15:58:14',1,NULL,52,1,1),(15,'kgjgvfwld','ut',2077,'1989-05-23 18:24:37',1,NULL,65,2,3),(16,'zezkpoznj','id',808,'1980-08-25 23:27:32',1,NULL,4,1,4),(17,'zdxrdsews','repudiandae',2370,'1992-10-08 23:43:22',0,NULL,14,1,2),(18,'sspfibcfl','mollitia',4556,'2008-06-16 18:14:22',0,NULL,4,1,5),(19,'fosgjpizj','enim',3464,'1973-03-02 14:22:13',1,NULL,10,1,2),(20,'bzsvxqzfr','reprehenderit',3620,'1992-05-17 23:40:04',1,NULL,79,1,4),(21,'vykyuteuc','libero',94,'2000-10-07 07:12:39',0,NULL,20,2,5),(22,'tcskzibja','dicta',2128,'1997-07-05 01:32:14',0,NULL,90,1,3),(23,'dpiefwiwb','deleniti',1303,'1976-02-26 16:19:04',1,NULL,4,2,5),(24,'faachtgra','quod',640,'1970-01-19 00:18:21',0,NULL,13,1,1),(25,'cephpiacb','suscipit',589,'1983-07-27 20:09:32',0,NULL,16,1,1),(26,'aghiczmsd','unde',3777,'2008-01-28 20:03:00',1,NULL,69,1,3),(27,'daexqqkoi','earum',514,'1990-01-08 18:12:20',1,NULL,33,1,5),(28,'zblofrajn','magni',640,'1996-03-08 12:57:23',0,NULL,66,1,5),(29,'ciivylwtu','illum',330,'2010-07-30 09:49:20',0,NULL,64,1,1),(30,'zubvkmkei','ut',227,'1976-06-17 18:21:13',0,NULL,91,1,2),(31,'gcskdltll','qui',667,'2003-02-18 06:34:10',1,NULL,54,1,5),(32,'axkqikfwk','neque',4146,'1991-02-20 12:01:50',0,NULL,37,1,1),(33,'ljedpiryb','consectetur',2659,'2001-07-30 17:11:35',0,NULL,87,1,1),(34,'xrcyzwnwh','velit',476,'1973-01-29 04:55:52',0,NULL,73,1,4),(35,'pfkzntvmo','iure',4710,'1978-05-07 19:57:57',0,NULL,90,2,4),(36,'bvzfsajfa','facilis',4656,'1976-01-06 06:39:19',0,NULL,5,1,5),(37,'psqlqlcvy','iure',1242,'1975-11-26 06:52:12',0,NULL,61,2,2),(38,'mhtsivnfo','minima',2958,'2017-04-14 03:40:29',0,NULL,44,1,3),(39,'kyytumqfz','veniam',4992,'2016-07-21 19:49:58',1,NULL,35,2,5),(40,'ojgzrytap','quia',1308,'1989-02-10 15:32:45',0,NULL,41,2,2),(41,'oqwispwlp','sunt',2855,'1996-03-11 14:45:04',1,NULL,78,1,4),(42,'mjytaumil','eligendi',3047,'1989-07-20 05:49:51',1,NULL,75,2,5),(43,'xgpkarhub','qui',1502,'2019-09-10 22:37:42',1,NULL,92,2,2),(44,'qtckgjqiq','nihil',4593,'1973-11-16 21:10:47',1,NULL,5,1,4),(45,'kwnxnsnva','saepe',4954,'1995-04-12 10:51:05',0,NULL,66,1,2),(46,'ombwhfwlj','at',3687,'1999-02-27 05:43:51',1,NULL,41,1,4),(47,'ytszpyvvi','voluptatem',2246,'1982-01-10 14:31:19',0,NULL,33,2,2),(48,'ansmhfsyr','sequi',212,'2001-02-20 21:12:30',0,NULL,55,1,3),(49,'jmkntgekk','quia',3787,'1995-10-26 19:49:42',0,NULL,11,2,3),(50,'ovtuojjqn','ut',625,'2007-09-02 01:28:30',0,NULL,10,1,2),(51,'mgnobjyab','dolorem',1063,'1989-12-07 03:06:19',1,NULL,31,2,4),(52,'aakcwoyhj','pariatur',2802,'2017-08-28 10:49:15',0,NULL,93,2,2),(53,'yyzxbpyxv','deserunt',2572,'2002-08-29 08:46:30',1,NULL,86,1,5),(54,'zcahvufjq','asperiores',2080,'1996-11-01 14:10:34',1,NULL,12,2,2),(55,'rncgixmmf','eaque',3013,'2016-03-21 13:02:39',1,NULL,86,1,3),(56,'jxfyutmnh','cum',3828,'2009-03-24 15:39:49',1,NULL,21,2,4),(57,'tkgbuxejn','veniam',4028,'1987-09-03 02:18:55',1,NULL,86,2,4),(58,'tmqletosl','sed',580,'1985-08-19 06:47:34',0,NULL,15,1,5),(59,'nkxwkfzcz','unde',4197,'2000-06-14 10:00:14',1,NULL,72,2,4),(60,'jpsifoxlb','fugit',1377,'1982-07-20 23:30:26',0,NULL,20,2,4),(61,'yijdialps','sed',2587,'2016-03-13 21:38:58',0,NULL,51,2,3),(62,'lmsjolwai','molestiae',3163,'1995-03-29 15:50:35',0,NULL,18,2,1),(63,'tlwlfyvzm','itaque',4299,'1989-01-21 19:19:32',0,NULL,57,2,3),(64,'ursbdlmrk','sit',1814,'2019-07-24 23:54:30',1,NULL,57,2,1),(65,'olhvmfyys','sequi',3135,'1993-10-26 01:17:39',1,NULL,88,2,2),(66,'xxcmhiyqk','reprehenderit',3579,'2014-11-24 02:43:02',0,NULL,41,2,5),(67,'xjadqztzr','quia',3921,'2014-04-13 13:31:57',0,NULL,21,2,5),(68,'xhqzuirul','asperiores',3509,'2017-07-13 12:07:14',0,NULL,87,2,2),(69,'esmgfmpid','quas',2542,'2006-05-11 13:39:35',1,NULL,84,2,5),(70,'rtwmslnsi','ut',3822,'2013-03-01 23:24:15',0,NULL,46,2,3),(71,'uffeedoxl','sit',413,'1977-12-19 04:32:02',1,NULL,14,1,3),(72,'bavlrimym','molestiae',4898,'1988-05-01 04:57:09',1,NULL,65,2,3),(73,'dxuhiwkso','omnis',300,'2008-04-13 11:19:03',1,NULL,75,1,1),(74,'orcmysswo','a',1512,'1981-01-20 10:04:43',0,NULL,33,2,1),(75,'mrflhtnif','omnis',3565,'2020-05-02 14:18:30',1,NULL,46,2,4),(76,'cjbszrxgv','atque',4427,'2014-07-23 22:55:16',1,NULL,78,2,4),(77,'mxzxgrumy','ut',4243,'1982-05-26 20:57:41',1,NULL,70,1,3),(78,'zfvxmulrt','dignissimos',334,'1990-11-29 22:02:52',0,NULL,54,2,3),(79,'nuqoeenbw','ipsum',4512,'2006-01-09 03:10:15',0,NULL,86,2,1),(80,'wixchhzkd','qui',1563,'2003-08-04 16:13:16',0,NULL,75,1,5),(81,'dbtkcxbby','numquam',418,'1982-11-26 19:05:01',1,NULL,31,1,2),(82,'eakahzruh','totam',4897,'1971-10-26 22:03:11',0,NULL,85,1,4),(83,'efanmugia','saepe',4838,'1977-05-10 06:48:15',0,NULL,28,2,5),(84,'mpstpgwcy','in',28,'2003-03-24 23:57:36',1,NULL,48,1,3),(85,'whqbawppa','magni',1746,'1977-01-25 06:40:38',1,NULL,54,2,1),(86,'lqgponado','ab',1842,'1991-06-30 00:06:07',1,NULL,34,1,5),(87,'lvoaygebm','omnis',2347,'1983-10-27 23:14:13',1,NULL,6,1,1),(88,'rusxzeiub','et',3532,'1994-01-09 12:39:00',1,NULL,58,2,1),(89,'sngfoyyfz','id',2153,'1988-04-25 13:14:19',1,NULL,3,1,5),(90,'swjpgzxef','sed',1159,'2016-10-16 04:05:19',0,NULL,12,1,2),(91,'pbcllkbta','voluptas',173,'2006-04-05 22:07:11',1,NULL,6,2,4),(92,'tnydsxrlx','minima',4411,'1987-10-23 02:33:06',0,NULL,33,1,4),(93,'uzfmdxojz','sequi',955,'1996-05-03 12:24:16',0,NULL,12,2,3),(94,'thskuztud','optio',4507,'2020-08-18 12:18:43',0,NULL,98,1,4),(95,'ovtshwfwg','reiciendis',4071,'2018-09-20 22:24:08',0,NULL,49,2,2),(96,'abtanfubw','nulla',2833,'2015-01-02 23:43:08',0,NULL,53,2,4),(97,'fnhweujeg','commodi',1741,'1984-05-31 16:56:58',0,NULL,48,1,4),(98,'mdjsvfeov','sequi',2691,'1988-01-10 07:52:15',0,NULL,57,2,2),(99,'asegqzhhr','hic',557,'2009-11-08 13:42:58',1,NULL,66,2,4),(100,'ngwrklgzn','et',948,'1981-06-08 15:03:21',0,NULL,58,2,5),(101,'tbdmwrtrt','et',1457,'1973-07-04 23:44:14',0,NULL,79,2,3),(102,'dmuoitveo','laborum',3567,'1993-06-23 09:55:47',0,NULL,43,1,5),(103,'mqlvijhem','assumenda',2157,'2012-11-23 13:30:58',1,NULL,16,1,3),(104,'lehxbjcxd','consequuntur',969,'2013-02-21 00:16:07',1,NULL,70,1,3),(105,'qzxwhovxd','omnis',3555,'2013-04-04 12:40:23',1,NULL,39,2,2),(106,'cvitwuhef','qui',1059,'2008-02-26 14:57:49',0,NULL,68,1,1),(107,'dnmqeldpp','ut',681,'2009-03-28 20:06:13',0,NULL,33,2,2),(108,'yosidnusd','quia',3505,'1977-12-02 16:27:46',0,NULL,5,1,5),(109,'hfnmnvdqh','delectus',869,'1983-02-19 19:01:12',0,NULL,37,2,3),(110,'cjfopdqqq','voluptatibus',1107,'2012-09-13 05:05:23',1,NULL,14,1,1),(111,'igtqvvlke','amet',24,'2008-11-14 20:45:57',0,NULL,12,1,5),(112,'teqyodytl','maxime',1258,'2017-04-07 22:09:59',0,NULL,61,2,1),(113,'xtmntkjdg','quia',174,'1971-09-01 18:44:54',0,NULL,44,2,2),(114,'bhrczrrpe','aut',2465,'2018-12-09 08:24:08',0,NULL,91,2,3),(115,'rrfrodxmk','expedita',1916,'1998-03-27 03:02:15',0,NULL,47,2,2),(116,'qdlghdarm','soluta',1138,'1975-07-29 04:32:27',0,NULL,68,2,3),(117,'vtvkqbfdg','repudiandae',118,'1985-04-21 23:21:04',1,NULL,85,2,1),(118,'jrdgqnugc','laborum',4399,'1998-11-20 19:35:23',1,NULL,6,2,3),(119,'ghhtdvdhh','qui',3768,'2011-03-02 16:55:31',1,NULL,88,1,2),(120,'offkgfmyr','qui',1554,'1980-10-25 23:26:39',1,NULL,33,1,5),(121,'pksmfprdu','cupiditate',2278,'1997-10-16 15:57:55',0,NULL,52,2,1),(122,'ogwjyskhv','itaque',1012,'1998-04-23 10:15:00',0,NULL,52,1,5),(123,'mkmteufvh','cum',2297,'1976-01-25 01:49:48',1,NULL,64,2,4),(124,'ligzimjvm','quis',3752,'1979-12-20 05:38:54',0,NULL,100,2,2),(125,'ksepfclur','quaerat',4485,'1979-09-25 14:23:12',1,NULL,57,1,1),(126,'skqiqpabb','quod',2849,'2016-04-13 10:19:51',1,NULL,85,2,4),(127,'lttcqekbr','et',4466,'2016-06-14 01:49:48',0,NULL,35,2,4),(128,'ntopyubbe','dolores',1286,'2008-07-13 04:19:50',0,NULL,55,2,4),(129,'bcymarsat','officia',2945,'1991-03-08 06:33:21',1,NULL,1,1,1),(130,'dawiwxyan','et',2614,'2014-02-16 07:51:43',1,NULL,39,2,3),(131,'iocvhooxz','voluptatibus',366,'2009-07-17 17:37:28',1,NULL,26,1,1),(132,'knizaxcaa','excepturi',202,'1989-05-19 17:22:08',1,NULL,40,2,2),(133,'qowxtlgtv','accusamus',2377,'2011-06-17 11:17:37',1,NULL,24,1,5),(134,'wipupytbl','similique',3187,'2001-07-04 11:35:59',1,NULL,93,1,3),(135,'jrjghwiwk','exercitationem',1358,'2000-03-31 16:09:50',1,NULL,17,1,3),(136,'lvypaamge','harum',1847,'1988-01-18 13:52:09',0,NULL,34,2,1),(137,'oghlvecqx','ut',3553,'1982-04-29 05:07:58',0,NULL,12,1,4),(138,'dyasnceyi','rem',4270,'2005-06-17 20:07:48',0,NULL,83,2,2),(139,'vqmsggvzr','corporis',4521,'2012-01-31 16:51:42',1,NULL,52,2,4),(140,'bgglbekdx','pariatur',3,'1981-05-23 09:56:45',1,NULL,55,1,3),(141,'tuglgbusy','laborum',1151,'2006-07-09 05:43:37',1,NULL,7,1,5),(142,'iwnydtuia','illum',1937,'2000-06-04 04:19:46',0,NULL,18,2,4),(143,'ctdowbcsa','tenetur',4957,'2009-12-10 17:12:24',1,NULL,49,1,1),(144,'ulwiwwvmb','quasi',4581,'1993-09-15 00:41:53',0,NULL,44,2,4),(145,'iiikaqnmv','commodi',1200,'2005-07-03 06:38:31',1,NULL,94,1,4),(146,'rolxdkcnn','voluptatem',2495,'1974-12-19 14:36:05',0,NULL,44,1,3),(147,'wiabzmalc','impedit',2864,'1997-01-13 23:09:45',0,NULL,63,2,4),(148,'ladbpzicq','qui',425,'1988-09-21 20:29:09',0,NULL,36,1,3),(149,'xbmuhezhf','provident',3050,'2009-05-10 00:57:33',0,NULL,67,2,2),(150,'frxymcmgr','quo',3234,'1984-06-11 19:08:10',1,NULL,45,1,2),(151,'gpamudthg','voluptatem',90,'2010-11-11 13:09:56',1,NULL,2,2,4),(152,'bjxlhgkaj','tempore',4134,'1990-05-02 20:15:32',1,NULL,88,2,3),(153,'ttvpkvwqj','rerum',4074,'1988-03-23 16:59:00',0,NULL,57,1,4),(154,'hhqoqfgsg','aut',3500,'1985-05-06 20:54:02',1,NULL,71,2,3),(155,'dwehmbkxs','impedit',4693,'2002-05-15 06:48:16',0,NULL,31,2,4),(156,'opuntofky','sit',3630,'1982-08-05 05:37:24',0,NULL,94,1,2),(157,'lqxvtqbpm','vero',3161,'2015-09-25 13:47:58',0,NULL,44,2,4),(158,'rilaonrnz','et',4185,'1994-11-10 16:12:37',1,NULL,16,2,2),(159,'hrlyhtmxi','excepturi',2693,'1984-07-13 05:22:33',0,NULL,62,2,1),(160,'uylmgfttv','sit',268,'1996-02-03 20:16:05',0,NULL,85,1,4),(161,'dhrreufhq','sit',2485,'1991-03-31 22:09:49',1,NULL,23,1,1),(162,'nygjptfso','qui',3622,'1993-05-17 15:01:04',1,NULL,1,2,5),(163,'vtnkdhxzr','rerum',4835,'1998-11-29 05:23:03',0,NULL,60,2,1),(164,'tuplcremw','quo',1719,'2004-11-22 04:10:13',0,NULL,22,1,4),(165,'otofcejad','laborum',4358,'2020-02-27 04:33:34',0,NULL,81,2,2),(166,'eumtcgojx','accusantium',4293,'2001-04-07 04:31:26',1,NULL,54,2,2),(167,'wrepfikrb','unde',1814,'2015-01-04 02:48:12',0,NULL,74,2,5),(168,'uguuuijhs','reprehenderit',1382,'1972-05-11 15:45:55',1,NULL,53,1,5),(169,'yruzruxhk','occaecati',1797,'1986-07-26 07:50:54',1,NULL,74,2,4),(170,'iknvzvnta','iusto',532,'2004-05-23 09:09:22',0,NULL,88,2,4),(171,'snxwnryxt','expedita',3989,'1988-02-17 00:08:38',0,NULL,50,2,5),(172,'hqhzhumof','dolor',749,'1973-06-20 16:48:06',0,NULL,67,2,5),(173,'xynxpwwfp','veniam',673,'2001-07-16 15:57:36',0,NULL,56,1,2),(174,'dvbbtfclj','atque',3906,'1989-04-06 08:55:42',1,NULL,65,2,4),(175,'kddfjedbf','temporibus',648,'1993-12-06 12:28:40',1,NULL,38,1,2),(176,'dosimiupm','facere',4182,'1987-04-17 13:46:44',0,NULL,69,2,4),(177,'cgjjohlsn','quidem',3483,'2019-03-13 01:18:52',1,NULL,100,2,4),(178,'tyeqhxvrw','illum',2855,'1980-01-27 10:41:38',1,NULL,96,1,4),(179,'msfvmfgpn','natus',519,'2007-11-05 13:47:37',1,NULL,91,2,3),(180,'noytomozg','et',1672,'2002-08-01 21:38:08',1,NULL,51,2,1),(181,'cubqywyok','doloribus',257,'1984-12-31 23:50:16',0,NULL,23,1,5),(182,'wdvmbncua','veritatis',4121,'1998-01-02 03:26:37',1,NULL,6,2,4),(183,'mgdvaygzf','eos',3306,'2009-10-05 18:12:59',1,NULL,89,2,1),(184,'xzxzgstqk','recusandae',3211,'1976-06-27 02:25:59',0,NULL,28,1,3),(185,'rgpzotmln','autem',2848,'2004-06-05 01:34:52',0,NULL,92,2,5),(186,'nhfyfedci','consectetur',1667,'1973-12-28 02:00:38',0,NULL,14,1,5),(187,'cbpfuaetk','quae',1065,'2007-06-15 01:39:40',0,NULL,87,1,4),(188,'csprimcnm','animi',2974,'1987-07-25 19:23:12',0,NULL,54,1,5),(189,'qmnzhzrgh','ipsam',4779,'1988-02-26 03:18:33',1,NULL,31,1,4),(190,'wsugrfhkv','cumque',893,'2007-02-01 09:23:47',1,NULL,79,2,3),(191,'elhzigcep','aut',3085,'1982-07-27 00:31:20',0,NULL,84,2,5),(192,'jzickriiy','accusamus',3619,'1994-04-13 10:33:55',0,NULL,67,2,4),(193,'dvoypksxv','voluptatem',2686,'1990-03-22 13:50:47',1,NULL,29,2,2),(194,'ipnbfpcht','amet',4618,'1973-09-10 18:45:30',1,NULL,29,1,3),(195,'raproidyd','ipsa',3121,'1990-06-30 20:35:14',1,NULL,89,2,5),(196,'kdawitbqy','quas',1308,'1971-04-12 18:11:34',1,NULL,89,1,1),(197,'byboakpvn','laborum',4031,'2016-02-01 09:56:13',0,NULL,82,2,2),(198,'rtlvlhlsd','consequatur',1744,'2002-12-06 08:09:18',0,NULL,43,1,3),(199,'faaorrumg','rerum',3722,'2011-03-03 11:14:04',0,NULL,23,2,4),(200,'xcjlpndkf','ipsum',2878,'2005-11-17 20:07:10',1,NULL,96,2,1),(201,'qcdoodjas','dicta',555,'2012-03-23 03:29:38',0,NULL,49,1,5),(202,'otkxmfodu','consectetur',1232,'2000-04-03 22:14:50',1,NULL,31,1,5),(203,'ndozxuncb','facilis',4707,'1990-11-14 00:09:18',0,NULL,8,1,3),(204,'jmimluwbu','nesciunt',2465,'1971-07-08 03:46:08',0,NULL,37,2,4),(205,'gfcjjhnmq','molestiae',4532,'2011-05-14 18:32:02',1,NULL,81,2,3),(206,'akhuqeroy','ut',859,'1985-06-13 02:50:32',0,NULL,78,1,4),(207,'uirpzamog','aut',4146,'1981-03-12 20:14:03',1,NULL,97,1,3),(208,'vwwbdzfix','ipsa',4480,'1996-03-15 00:37:12',1,NULL,36,2,1),(209,'rvmitirdb','ea',3903,'2016-02-18 00:00:12',0,NULL,92,2,5),(210,'dbohlepch','ut',3140,'1974-09-19 21:41:41',0,NULL,54,2,2),(211,'bglxetjvr','dolores',1354,'1972-03-11 18:09:41',1,NULL,73,1,4),(212,'fwfzhjnbs','molestias',2776,'1970-07-19 17:57:25',0,NULL,72,2,5),(213,'hnpdcvmau','omnis',1885,'1970-09-20 19:21:15',1,NULL,57,2,2),(214,'rulbchsmy','dolorem',4721,'1971-05-11 04:48:18',1,NULL,16,1,5),(215,'pkrvdkzgr','expedita',4748,'1996-04-16 07:17:54',1,NULL,77,2,2),(216,'pjvkihhvs','rerum',2026,'1998-09-19 00:50:38',0,NULL,32,2,4),(217,'lbtezwiwu','odit',4325,'2007-07-12 12:26:17',1,NULL,94,2,5),(218,'puowmmtmd','distinctio',4632,'2007-09-08 20:30:18',0,NULL,50,2,4),(219,'mjfhwklac','iste',1167,'2014-03-01 07:39:55',0,NULL,54,2,3),(220,'pjcgmtemh','necessitatibus',1823,'2007-11-21 08:01:32',1,NULL,35,1,2),(221,'lkxyozrsj','animi',3937,'1982-11-17 08:19:59',1,NULL,73,1,4),(222,'gipfsizza','aliquam',4490,'2013-03-19 17:07:12',1,NULL,51,2,2),(223,'wrnwbkkrz','repellendus',1150,'1972-05-11 18:57:07',1,NULL,36,1,1),(224,'fevxhrcrc','nostrum',2542,'2021-01-19 23:02:11',0,NULL,56,2,1),(225,'vakvikvud','ea',4364,'2012-02-28 17:42:31',1,NULL,41,1,5),(226,'gwyysjqjc','ratione',811,'1992-09-27 22:04:02',1,NULL,77,2,3),(227,'jqmqfdige','est',3095,'1997-09-15 16:43:48',1,NULL,55,2,2),(228,'jvfzvtyir','quis',654,'1999-03-01 04:37:35',1,NULL,55,1,1),(229,'mpwrnwpjv','expedita',2361,'1984-09-10 01:11:40',1,NULL,20,2,1),(230,'wggkapwaf','animi',4465,'2011-02-27 07:54:46',1,NULL,73,2,3),(231,'ggchacebr','quisquam',3886,'2005-02-26 09:11:47',0,NULL,9,2,4),(232,'teyqaqjgx','est',2067,'2007-07-06 21:23:46',1,NULL,78,1,3),(233,'gdmvmnxnk','ut',2694,'2001-07-18 17:22:10',1,NULL,8,2,5),(234,'mlgmhbovt','quos',2634,'2013-01-08 06:17:21',0,NULL,8,1,3),(235,'ppnxukpyd','molestias',3841,'1989-10-30 13:49:05',0,NULL,15,2,5),(236,'khcamjica','qui',2885,'1998-09-02 21:37:52',1,NULL,9,1,3),(237,'plgliumtz','et',3531,'2003-05-13 04:01:39',1,NULL,68,2,1),(238,'gachhgwwv','dolores',81,'2007-08-23 05:47:30',1,NULL,89,1,2),(239,'vuepslohx','aut',1099,'1995-12-19 16:20:16',0,NULL,7,2,5),(240,'wwhcfaygb','id',2780,'2007-01-22 06:36:16',1,NULL,14,1,5),(241,'lyhsgfedt','non',1350,'1977-03-06 23:28:51',1,NULL,63,1,4),(242,'nmznjjdqx','dolor',4302,'2004-06-09 07:19:39',0,NULL,26,1,5),(243,'hshodbqpx','perferendis',3973,'2001-05-25 08:57:40',0,NULL,76,1,2),(244,'fvmdjyagi','totam',588,'1977-01-22 17:39:58',1,NULL,68,1,3),(245,'zwafoopok','eos',1832,'1984-04-08 19:57:33',1,NULL,20,1,1),(246,'kxueahvpg','ut',1062,'2004-10-08 16:50:06',0,NULL,7,2,2),(247,'hoyecjyao','rem',989,'1970-08-01 23:30:06',0,NULL,62,1,1),(248,'lxqbtuerx','in',2173,'2019-08-05 21:42:53',1,NULL,78,1,3),(249,'stsatrdgk','iusto',3576,'1995-02-14 19:05:13',0,NULL,6,1,1),(250,'yuslnvvhi','porro',2983,'2008-11-15 12:26:34',1,NULL,98,1,2),(251,'fkyppvlva','deleniti',2770,'2007-07-17 16:19:16',0,NULL,89,2,4),(252,'kyakbrknu','ratione',1976,'2007-04-04 15:27:44',1,NULL,51,1,5),(253,'aitgerpmd','soluta',2300,'1980-04-23 04:54:30',1,NULL,34,2,1),(254,'fbivnxfnx','incidunt',557,'1982-02-09 20:45:49',1,NULL,74,2,3),(255,'rgiazjfxu','neque',1591,'2020-07-27 13:25:29',0,NULL,26,2,5),(256,'hpmuilvsv','illo',4378,'1998-07-16 22:44:40',0,NULL,30,2,2),(257,'endgaaevw','rerum',2456,'2000-11-26 16:20:24',1,NULL,64,1,3),(258,'sbpmrrzuk','et',3510,'2012-07-14 23:43:04',1,NULL,81,1,4),(259,'ydkhutqgs','doloremque',4346,'2015-12-17 05:59:53',1,NULL,35,1,4),(260,'cjhgqcgue','debitis',4534,'2001-11-08 03:42:11',1,NULL,45,1,1),(261,'direpbyub','ut',438,'1973-03-23 01:42:08',1,NULL,84,1,5),(262,'avlnhfigs','enim',1178,'2008-08-03 06:12:42',0,NULL,60,2,1),(263,'qazdqnwmd','dolorem',4504,'1988-11-02 22:11:42',1,NULL,50,1,1),(264,'lzyhlgqny','quaerat',1954,'1999-03-11 09:06:00',1,NULL,62,2,4),(265,'bosdrecyb','suscipit',2128,'1981-07-23 16:25:04',1,NULL,2,2,3),(266,'ilgxspnuf','ipsum',2612,'2004-02-18 10:41:08',0,NULL,86,1,2),(267,'vyscwjxim','excepturi',479,'1970-03-01 13:51:58',0,NULL,23,2,4),(268,'pmkwqyucd','non',1002,'1980-02-29 02:16:01',0,NULL,78,2,5),(269,'zonygavqv','velit',2956,'1980-08-23 13:21:46',1,NULL,42,1,2),(270,'tlmnolmts','asperiores',4156,'2011-06-19 08:27:43',0,NULL,21,2,3),(271,'kmtwabrra','adipisci',1753,'1989-01-28 15:04:09',0,NULL,28,1,4),(272,'ogurmnbyw','ut',1979,'1990-02-27 10:15:57',0,NULL,25,2,2),(273,'xmqjjtujo','sed',725,'1986-04-13 18:04:29',0,NULL,37,1,2),(274,'ekwxfzrxb','rerum',3753,'1987-01-17 05:32:48',0,NULL,41,1,1),(275,'bdbgghpjf','quo',1700,'1981-01-22 07:24:14',0,NULL,3,1,1),(276,'zwxkqyihz','ex',471,'1988-10-11 10:05:07',1,NULL,44,2,2),(277,'niyyxpxat','sunt',4251,'1983-06-24 17:29:48',1,NULL,70,1,2),(278,'mrfiimfwj','et',1381,'1997-07-21 18:19:02',0,NULL,42,2,1),(279,'kjebdkanb','expedita',2374,'1978-01-02 00:21:55',1,NULL,39,1,1),(280,'kvserhenp','dicta',1026,'1994-05-24 08:19:07',0,NULL,66,2,3),(281,'oklzenvcz','sunt',3168,'1992-06-17 23:27:34',0,NULL,21,2,5),(282,'imqejmymw','corporis',4652,'2021-01-19 18:15:58',0,NULL,92,1,5),(283,'eabjlrnfr','architecto',171,'1972-07-16 04:07:28',1,NULL,29,1,2),(284,'zumdvocng','aut',4169,'2017-05-03 06:08:44',0,NULL,67,2,2),(285,'fywcbotoh','impedit',17,'2009-03-05 18:00:23',1,NULL,77,2,2),(286,'qsiqpfhfp','officia',1805,'2002-08-09 14:39:38',1,NULL,87,1,2),(287,'ixytekoby','vitae',4187,'1972-09-04 17:16:02',1,NULL,24,2,3),(288,'kkbkmmpim','totam',1233,'2002-09-06 11:51:57',1,NULL,53,1,2),(289,'yznasmkla','commodi',1443,'2009-12-10 14:49:54',0,NULL,53,2,4),(290,'bpvgvezlf','necessitatibus',2314,'1995-09-01 12:54:49',1,NULL,59,1,2),(291,'bfjewcybf','consequuntur',579,'1976-11-27 14:11:37',0,NULL,16,2,1),(292,'srqbqirmj','voluptatum',397,'2003-05-14 18:34:24',0,NULL,6,2,1),(293,'yestlyiyp','consectetur',2162,'1998-12-28 10:56:48',1,NULL,90,2,3),(294,'fplojdfnu','sint',3614,'1995-10-24 04:31:06',1,NULL,17,1,2),(295,'vvogsnvqo','et',167,'1972-06-14 07:39:43',0,NULL,49,1,1),(296,'bwjnjdbpe','eum',2661,'1986-06-02 20:38:03',1,NULL,86,1,3),(297,'ykzxqaihw','officiis',3280,'2008-12-22 02:07:52',0,NULL,15,1,3),(298,'ppjggfkku','non',965,'2005-09-25 06:08:01',0,NULL,58,2,5),(299,'qzkhaccwi','neque',3764,'1972-09-08 03:22:02',0,NULL,93,1,3),(300,'dbtdmtbjm','quae',3800,'1990-01-11 01:57:14',1,NULL,62,1,1),(301,'upicxcyxs','maiores',2343,'2003-01-22 13:26:33',1,NULL,85,1,4),(302,'ngnorvjcj','tenetur',960,'2000-02-01 12:46:59',0,NULL,89,1,2),(303,'kjdwvsbox','ex',3079,'2009-12-24 02:19:48',1,NULL,99,1,1),(304,'gdyswzcir','natus',3781,'1987-10-04 14:41:29',0,NULL,50,1,3),(305,'vgntbajxa','vitae',4835,'2006-09-19 16:31:13',0,NULL,84,2,5),(306,'flsvmxprl','tenetur',3320,'1980-09-28 13:25:14',0,NULL,2,2,5),(307,'dlxdmteaa','expedita',4935,'2013-07-10 15:05:32',1,NULL,48,2,2),(308,'adsbqcbda','culpa',2527,'2020-08-05 21:07:03',0,NULL,91,1,2),(309,'wkhufkhxg','est',4356,'1977-02-23 23:04:26',1,NULL,73,1,4),(310,'parhmzvls','quas',608,'1973-05-26 23:09:25',1,NULL,33,2,4),(311,'nfdugasiq','dolore',793,'1983-12-30 16:29:27',1,NULL,36,2,4),(312,'mvcqcdzsh','voluptatem',2386,'1986-04-18 07:37:40',0,NULL,4,2,5),(313,'kwvqeecwt','qui',2969,'2009-01-09 09:11:43',0,NULL,26,2,1),(314,'iberbgmys','ut',2025,'1973-04-22 21:09:33',1,NULL,32,1,2),(315,'rgktkjsxf','voluptatum',1041,'2019-08-31 01:14:40',1,NULL,88,2,1),(316,'jygsbnyyn','voluptate',2547,'1988-09-01 10:14:09',1,NULL,71,2,4),(317,'dppdxoxko','minima',1239,'2015-08-26 17:02:20',1,NULL,67,1,3),(318,'dyfvbsifd','fugit',1241,'1982-11-25 06:41:27',1,NULL,99,1,5),(319,'kfznqkvpz','eos',4624,'1976-12-19 20:45:17',1,NULL,19,1,1),(320,'jifotwakz','et',2532,'2009-02-23 01:29:19',1,NULL,82,1,5),(321,'bczadthty','aut',874,'2001-08-03 06:44:19',0,NULL,45,2,4),(322,'xdbuzwxfe','aspernatur',2219,'2012-12-16 17:35:53',1,NULL,23,2,2),(323,'qlaexfpej','totam',783,'1983-03-10 03:50:15',1,NULL,21,1,5),(324,'umpvieayp','possimus',3050,'1979-07-26 22:44:11',1,NULL,30,1,5),(325,'ostmecoeh','tempore',2044,'2018-05-31 16:02:36',1,NULL,66,1,5),(326,'iuckklkar','fugit',1751,'2019-09-08 09:43:36',0,NULL,77,2,5),(327,'wzqhgbxpl','iusto',3541,'2003-06-05 15:14:58',1,NULL,49,2,2),(328,'oxhmwjaip','necessitatibus',2174,'1972-05-26 16:20:03',0,NULL,97,2,3),(329,'qktzsaesu','ducimus',4714,'2005-06-25 15:25:03',0,NULL,78,2,3),(330,'ezbebhsuk','itaque',2510,'1998-11-17 17:33:22',0,NULL,85,2,5),(331,'cambyzkrh','dolores',2919,'1986-12-01 07:36:57',1,NULL,80,2,4),(332,'loeqngcmp','adipisci',1109,'1981-06-24 05:09:34',0,NULL,47,1,3),(333,'pydcvmoqt','id',3498,'1983-02-01 19:57:17',1,NULL,76,1,3),(334,'vhotpfdfw','ipsa',3378,'2016-12-17 04:26:46',0,NULL,64,2,4),(335,'mlhoimtox','tempore',2063,'1983-11-09 18:57:29',1,NULL,61,1,5),(336,'ksjbsgwnr','et',1246,'1993-04-24 09:32:51',1,NULL,51,1,5),(337,'hocuyknkr','tempora',1012,'1974-10-23 01:14:51',0,NULL,34,2,3),(338,'awfcfoxej','doloribus',298,'1994-11-02 09:40:57',1,NULL,57,2,5),(339,'sdvytbuss','voluptatibus',1293,'2020-09-05 19:01:24',1,NULL,12,1,4),(340,'mjfucmddy','eos',3599,'1983-11-10 13:00:42',0,NULL,70,1,2),(341,'lioqycyfu','molestiae',2721,'1993-01-12 18:43:30',1,NULL,64,1,2),(342,'lskwaeoyd','doloribus',4126,'2012-01-04 22:38:26',0,NULL,30,1,3),(343,'fvpmnhvqp','esse',236,'1987-02-09 00:00:07',1,NULL,71,1,5),(344,'duvysdseh','amet',347,'2015-11-24 15:09:48',0,NULL,12,2,4),(345,'gpmtfrvgy','ducimus',2035,'1987-02-14 01:35:53',1,NULL,86,1,1),(346,'nygtqtcrn','quia',1520,'1972-06-09 00:24:18',1,NULL,81,2,1),(347,'dqaoskzcs','ut',4022,'2019-02-27 17:47:06',1,NULL,66,1,5),(348,'rqoxfdhqd','reprehenderit',4462,'2011-01-02 09:45:51',0,NULL,9,2,3),(349,'odiemxiju','officia',352,'1972-11-14 05:34:00',0,NULL,8,2,4),(350,'widzobyvg','ut',2327,'2003-10-22 11:04:05',1,NULL,80,2,5),(351,'xlphephxr','enim',3482,'2005-12-20 11:50:31',0,NULL,8,1,1),(352,'yyxivpyvf','quia',2931,'2010-07-28 16:25:46',0,NULL,36,2,3),(353,'gwbyosrxq','eaque',1701,'1996-08-17 14:13:09',0,NULL,86,1,4),(354,'znjnauztw','sed',1928,'1985-05-14 23:56:57',1,NULL,78,1,3),(355,'mrwpkbwgd','voluptatem',127,'1972-03-03 13:23:15',1,NULL,43,1,1),(356,'qpoqqxjhf','eos',3282,'1997-08-14 22:08:17',1,NULL,45,1,5),(357,'rkkznwcwn','quia',2484,'2012-11-29 05:22:12',0,NULL,63,2,2),(358,'putabkbev','nisi',1357,'1973-07-11 22:09:07',1,NULL,45,2,1),(359,'peexidxaj','et',4408,'1975-01-09 10:09:10',0,NULL,86,2,1),(360,'exrcrmjob','beatae',4580,'1993-09-09 02:09:39',0,NULL,65,2,4),(361,'gjvghdzpe','natus',1283,'1970-04-11 03:49:53',0,NULL,64,2,1),(362,'rjumkdprd','sit',2876,'2000-11-23 13:28:30',1,NULL,64,1,4),(363,'qyhhxmzlk','culpa',2300,'1988-10-23 07:08:35',0,NULL,11,2,5),(364,'khaynoxzz','est',359,'2015-09-21 15:12:39',1,NULL,81,2,2),(365,'dhvdfkbtj','non',1492,'2016-07-10 14:09:27',1,NULL,36,1,4),(366,'edtoeaqeo','autem',4276,'1988-02-16 21:45:34',1,NULL,38,2,4),(367,'xeqamjcfb','animi',284,'2008-06-26 06:14:41',0,NULL,36,1,3),(368,'qvyadvmna','maxime',103,'2002-12-06 05:14:24',0,NULL,64,2,2),(369,'wmunhbqtq','qui',4920,'2012-09-02 04:23:36',1,NULL,78,2,1),(370,'niofqgiiw','nostrum',3110,'2006-07-26 23:52:57',1,NULL,90,1,5),(371,'ewlimgyuy','in',1520,'1980-01-26 16:14:16',0,NULL,68,2,3),(372,'cgeparoik','dolorem',3413,'2018-07-30 20:52:18',1,NULL,76,1,4),(373,'ffnkrswux','praesentium',2392,'1973-06-17 02:03:38',0,NULL,42,2,4),(374,'etqwrrvin','voluptatem',4468,'1971-12-10 18:27:38',1,NULL,38,1,3),(375,'lezaqhlrz','doloremque',1831,'2002-05-24 08:27:32',1,NULL,74,2,4),(376,'xaewrqkdx','ducimus',210,'1992-08-09 07:45:36',0,NULL,37,1,2),(377,'towcjojdm','fuga',168,'1982-11-07 02:13:44',1,NULL,7,1,3),(378,'ghovsqpor','vitae',31,'2004-08-03 08:37:35',1,NULL,50,1,1),(379,'qbwotsbpr','ratione',4708,'2010-05-16 08:25:54',1,NULL,74,2,4),(380,'fdutvuqjp','omnis',4801,'1973-06-10 18:10:52',1,NULL,88,2,5),(381,'hygaomilf','sed',4197,'1974-02-15 21:26:07',1,NULL,70,1,4),(382,'irezxnxai','eligendi',4968,'2009-01-07 12:49:46',0,NULL,29,1,1),(383,'qttsbopvt','nisi',1021,'1984-03-16 00:22:58',1,NULL,99,2,4),(384,'algapqqqr','illum',3643,'2009-02-04 22:34:11',0,NULL,68,2,1),(385,'bzggbeens','expedita',4970,'1996-03-05 21:47:36',0,NULL,12,2,5),(386,'anpizkcmu','et',1458,'2019-11-02 23:38:17',1,NULL,74,1,5),(387,'xlhcjgrdk','illum',1626,'2019-09-16 04:25:38',0,NULL,98,1,3),(388,'wtjuoycqo','voluptatem',2909,'1990-02-09 12:27:29',1,NULL,47,2,3),(389,'vbrkbzgkh','facere',819,'1983-09-22 13:50:01',1,NULL,65,1,2),(390,'esttvzyfk','labore',954,'2012-11-27 15:49:31',0,NULL,37,1,1),(391,'eojyagdwb','quo',4202,'1991-12-06 05:28:55',0,NULL,28,2,3),(392,'aejafhhhu','magnam',4787,'1985-09-26 12:51:57',1,NULL,2,1,4),(393,'huainyckw','numquam',1029,'1998-03-24 19:06:53',1,NULL,21,1,2),(394,'ldaxmphqe','accusantium',3697,'2000-06-06 13:43:05',0,NULL,98,2,2),(395,'gvyqvsdih','illo',2145,'2011-03-30 14:02:00',1,NULL,12,1,1),(396,'jazksnwbv','iure',3008,'2010-08-12 15:20:25',1,NULL,99,2,1),(397,'mpgdpiica','quos',2615,'1973-08-16 19:32:01',1,NULL,95,2,2),(398,'etsxdvaly','ea',149,'2016-10-22 05:58:02',0,NULL,37,1,5),(399,'qxrpcfmyz','quasi',3422,'1989-04-24 10:25:47',0,NULL,87,2,2),(400,'ceinaiyuc','praesentium',284,'1976-05-17 16:55:27',0,NULL,24,1,3),(401,'bcmuaifaf','soluta',1802,'2003-05-10 04:10:47',1,NULL,36,1,3),(402,'jcdzxmqfu','sequi',1478,'1983-10-12 23:18:58',0,NULL,92,1,4),(403,'wkrprajec','officiis',3526,'2001-05-19 01:06:01',0,NULL,68,2,5),(404,'rezksngnq','quam',2540,'2016-03-30 04:06:00',1,NULL,4,2,5),(405,'ypxafdksv','occaecati',1064,'2014-12-02 15:40:51',0,NULL,39,2,5),(406,'gvzkekrai','dolore',3572,'2011-12-23 19:53:30',1,NULL,46,2,4),(407,'kfpgeidkf','cupiditate',3674,'2014-09-10 09:25:58',1,NULL,61,2,2),(408,'igpnzsdog','suscipit',3504,'2001-09-18 19:44:26',1,NULL,90,1,3),(409,'xdnhveeri','voluptates',2594,'2005-09-12 21:23:31',0,NULL,83,2,2),(410,'dkdaitrha','debitis',3933,'1976-06-21 00:18:58',0,NULL,14,1,3),(411,'mzdqpiggt','consectetur',513,'2004-06-28 04:18:22',1,NULL,69,2,1),(412,'fyyxktrzy','voluptatem',4586,'2014-05-27 17:13:28',0,NULL,20,1,3),(413,'izbwdryjz','et',2707,'1992-12-29 21:16:35',0,NULL,93,1,2),(414,'mwmraqjwu','id',1576,'1986-11-24 17:38:40',0,NULL,88,1,5),(415,'gydwrjhhs','perspiciatis',3753,'1976-05-10 05:40:50',1,NULL,72,2,4),(416,'inrjlofcv','aut',4120,'2002-10-12 18:36:53',1,NULL,58,1,3),(417,'btphzoojz','impedit',1750,'1984-07-17 07:36:50',1,NULL,18,2,2),(418,'ywxwpeojh','omnis',2876,'1970-09-01 21:39:16',0,NULL,50,2,2),(419,'afmoyroxt','est',443,'1979-10-09 21:14:56',1,NULL,2,1,2),(420,'cicgnhdcq','et',3962,'1991-09-05 13:20:01',1,NULL,36,1,3),(421,'bgntmhblw','nobis',453,'2015-11-25 16:42:44',1,NULL,91,1,5),(422,'kkgjilovj','minus',1495,'1992-05-02 15:43:56',1,NULL,95,1,3),(423,'xskybzfhw','natus',4009,'2003-01-14 01:41:08',1,NULL,48,1,3),(424,'nxzrtiqvv','debitis',3195,'1979-01-02 02:53:23',1,NULL,71,1,4),(425,'edbvlvvev','sint',1504,'1990-03-29 14:12:57',0,NULL,63,2,2),(426,'hgzllspqg','non',4284,'1988-06-09 09:17:34',0,NULL,34,1,2),(427,'lukwuynpu','commodi',2178,'2015-02-14 13:46:49',1,NULL,82,2,5),(428,'svduwsieo','placeat',1042,'1979-12-21 13:26:56',1,NULL,4,1,3),(429,'pavhvgorn','vitae',2349,'1989-08-31 13:00:32',1,NULL,34,1,4),(430,'tziwwxdiz','eveniet',3673,'2000-08-21 12:31:55',1,NULL,60,1,2),(431,'ckpconfkx','earum',4184,'1979-05-17 07:18:21',1,NULL,5,1,2),(432,'xkqkjpyjy','ea',3662,'2004-05-20 16:43:29',1,NULL,5,1,4),(433,'sftdkrmie','non',4583,'2002-10-22 16:01:34',1,NULL,51,2,1),(434,'umgmwkhqg','labore',2561,'2003-08-31 18:57:49',1,NULL,11,2,1),(435,'xtwxgnhmu','veniam',2592,'1982-07-11 18:35:35',0,NULL,87,1,1),(436,'lsdngeyup','ad',3834,'1973-11-01 21:01:39',1,NULL,20,1,3),(437,'iencwlxaa','eius',4344,'1977-10-07 04:29:35',1,NULL,54,1,1),(438,'lcngjenlv','voluptas',376,'2012-11-12 05:57:45',0,NULL,48,1,1),(439,'hpefjnchk','fuga',4045,'1998-07-12 05:46:05',1,NULL,94,2,2),(440,'mgqoenaue','voluptatum',506,'2020-08-01 20:49:21',1,NULL,72,1,4),(441,'svibdhntv','velit',2090,'2012-01-14 02:28:52',0,NULL,96,1,1),(442,'mvjhqtogl','repudiandae',3459,'2002-05-04 03:09:00',0,NULL,36,1,3),(443,'etvawnolo','necessitatibus',4711,'1999-01-09 23:26:26',1,NULL,9,2,2),(444,'uzfwsvybi','est',3580,'1987-06-21 20:28:38',0,NULL,10,2,4),(445,'tztpiqzrr','et',4765,'1979-05-22 06:00:45',1,NULL,25,2,5),(446,'nhrmgkahp','modi',882,'1982-06-01 00:58:31',0,NULL,27,1,2),(447,'biywhegjx','soluta',361,'1994-01-13 16:25:04',0,NULL,72,2,4),(448,'eapbqfskm','placeat',2970,'2010-04-05 16:17:09',1,NULL,78,1,5),(449,'bqnxnqxby','maiores',4562,'1998-09-16 08:36:18',0,NULL,95,2,4),(450,'jrhvzshdy','eligendi',4693,'1995-10-10 04:40:26',0,NULL,24,2,5),(451,'pgmfhngag','a',2652,'1982-04-10 14:26:37',1,NULL,1,2,1),(452,'nlwyjwmcm','ut',2256,'2002-09-05 01:35:22',0,NULL,16,2,3),(453,'qqreedwgx','eum',1391,'2002-10-27 07:00:21',0,NULL,65,1,2),(454,'vmjbolhdd','aut',2593,'1982-02-07 13:01:15',1,NULL,93,1,2),(455,'pnyqjidki','magni',4603,'1993-05-03 00:00:16',1,NULL,73,1,1),(456,'ouphkxnyb','nihil',4881,'2020-02-29 22:52:26',1,NULL,65,2,1),(457,'qpjcozkok','illo',4644,'1996-01-08 04:23:03',1,NULL,3,1,4),(458,'wgnbnzdnd','eos',3756,'2012-10-20 05:14:57',0,NULL,70,1,4),(459,'xgtcvrvxj','maiores',1631,'1997-11-16 11:09:08',1,NULL,68,1,4),(460,'yzmjhtqyj','consectetur',538,'2007-04-08 19:45:02',0,NULL,30,1,2),(461,'cpnjwuinc','temporibus',2237,'1996-05-18 20:51:07',1,NULL,18,1,5),(462,'yiwicerwk','autem',2499,'2012-01-15 17:44:17',1,NULL,34,1,5),(463,'tyzedleqp','adipisci',398,'1998-03-11 23:13:26',0,NULL,84,1,5),(464,'kjkcdehlx','aut',913,'2000-04-12 08:50:06',0,NULL,19,1,1),(465,'lffhocqlu','soluta',2641,'2015-08-11 11:50:04',1,NULL,48,2,3),(466,'nrwewdgvu','rerum',451,'1994-08-28 09:52:54',1,NULL,57,1,1),(467,'ooamspvhr','perferendis',875,'1999-09-23 01:37:13',1,NULL,68,1,3),(468,'xpgixjvmp','assumenda',648,'1990-02-12 18:14:15',0,NULL,32,1,4),(469,'pvjufrkvh','sed',357,'1974-08-07 13:49:31',1,NULL,99,2,5),(470,'jnyjbxejy','dicta',3654,'2017-03-18 21:52:25',0,NULL,60,1,1),(471,'svsyitiin','magni',4454,'2011-12-07 23:59:07',1,NULL,87,1,3),(472,'uoypetfty','mollitia',4266,'2000-03-12 19:05:15',0,NULL,77,2,5),(473,'pmfznoebo','incidunt',1074,'2015-04-02 19:39:49',0,NULL,65,1,1),(474,'kvlsmguuk','explicabo',1989,'1972-01-28 15:54:31',1,NULL,59,2,1),(475,'jbktwnldh','ut',2916,'1988-12-10 21:27:19',1,NULL,70,1,5),(476,'wwsrqqcbq','occaecati',748,'1997-09-23 08:12:20',1,NULL,21,2,2),(477,'vidffgtcj','dolorem',3132,'1994-10-09 08:56:30',1,NULL,40,1,5),(478,'cqkvzgikl','qui',4926,'1977-08-29 02:39:50',0,NULL,97,2,5),(479,'tvzcaxxpx','quaerat',1784,'2010-07-19 03:24:52',0,NULL,69,2,4),(480,'wdoztdbni','saepe',4438,'2008-10-31 18:19:27',0,NULL,51,1,5),(481,'nyladsrgh','voluptas',4993,'2004-09-11 12:16:16',1,NULL,65,1,1),(482,'ixbmqwrdv','tenetur',2758,'2011-04-23 15:59:58',1,NULL,12,2,5),(483,'bxvojreez','sed',4706,'2015-05-05 15:58:20',1,NULL,8,2,2),(484,'mkdkuwkrw','et',3994,'2009-03-13 17:05:29',1,NULL,17,1,5),(485,'omjbpiynl','dolorum',2809,'1977-10-03 00:27:49',1,NULL,32,2,1),(486,'ykxspmcth','temporibus',2827,'2007-11-29 11:46:42',1,NULL,24,1,4),(487,'kfqrktovc','perspiciatis',3874,'1997-04-16 21:43:00',0,NULL,60,1,1),(488,'elavjugkl','accusamus',4668,'1991-12-01 01:01:51',1,NULL,40,1,4),(489,'mpjyoahoj','voluptas',204,'1988-03-29 09:01:40',0,NULL,35,1,3),(490,'kjorwnbfk','eum',1752,'1986-06-20 02:07:23',0,NULL,12,2,4),(491,'kqewgaslc','recusandae',650,'2002-06-24 17:46:34',1,NULL,1,1,5),(492,'yewwtqtvy','commodi',126,'1992-01-29 18:38:18',1,NULL,20,1,4),(493,'atvcdhksm','aliquid',799,'2005-08-14 23:17:19',0,NULL,100,1,2),(494,'qfkcrhgcv','inventore',1235,'1998-07-05 10:55:38',1,NULL,28,2,2),(495,'gpblqriao','officia',1999,'2007-08-28 23:37:34',1,NULL,20,2,1),(496,'xumzgrlmv','ducimus',4793,'2001-07-14 14:14:27',0,NULL,25,1,1),(497,'konpxrzqq','rerum',2339,'2019-04-08 18:36:48',0,NULL,98,2,4),(498,'cuuzlsdzd','aut',2301,'2020-01-02 05:54:52',1,NULL,7,1,5),(499,'puhxfwtyb','perferendis',1201,'1993-07-18 21:49:54',0,NULL,84,1,1),(500,'scntqbqhb','consequatur',1821,'2019-10-07 16:32:58',1,NULL,28,2,4);
/*!40000 ALTER TABLE `media` ENABLE KEYS */;
UNLOCK TABLES;

--
-- Table structure for table `media_types`
--

DROP TABLE IF EXISTS `media_types`;
/*!40101 SET @saved_cs_client     = @@character_set_client */;
/*!50503 SET character_set_client = utf8mb4 */;
CREATE TABLE `media_types` (
  `id` int unsigned NOT NULL AUTO_INCREMENT,
  `name` varchar(45) CHARACTER SET utf8mb4 COLLATE utf8mb4_unicode_ci NOT NULL,
  PRIMARY KEY (`id`)
) ENGINE=InnoDB AUTO_INCREMENT=3 DEFAULT CHARSET=utf8mb4 COLLATE=utf8mb4_unicode_ci;
/*!40101 SET character_set_client = @saved_cs_client */;

--
-- Dumping data for table `media_types`
--

LOCK TABLES `media_types` WRITE;
/*!40000 ALTER TABLE `media_types` DISABLE KEYS */;
INSERT INTO `media_types` VALUES (1,' gif'),(2,'img');
/*!40000 ALTER TABLE `media_types` ENABLE KEYS */;
UNLOCK TABLES;

--
-- Table structure for table `playlists`
--

DROP TABLE IF EXISTS `playlists`;
/*!40101 SET @saved_cs_client     = @@character_set_client */;
/*!50503 SET character_set_client = utf8mb4 */;
CREATE TABLE `playlists` (
  `id` int unsigned NOT NULL AUTO_INCREMENT,
  `type` tinyint(1) NOT NULL DEFAULT '1' COMMENT '0 - private, 1 - public',
  `name` varchar(45) CHARACTER SET utf8mb4 COLLATE utf8mb4_unicode_ci NOT NULL,
  `users_id` int unsigned NOT NULL,
  PRIMARY KEY (`id`),
  KEY `fk_playlists_users1_idx` (`users_id`),
  CONSTRAINT `fk_playlists_users1` FOREIGN KEY (`users_id`) REFERENCES `users` (`id`)
) ENGINE=InnoDB AUTO_INCREMENT=101 DEFAULT CHARSET=utf8mb4 COLLATE=utf8mb4_unicode_ci;
/*!40101 SET character_set_client = @saved_cs_client */;

--
-- Dumping data for table `playlists`
--

LOCK TABLES `playlists` WRITE;
/*!40000 ALTER TABLE `playlists` DISABLE KEYS */;
INSERT INTO `playlists` VALUES (1,0,'Quo voluptatem nihil eum odio consequuntur se',70),(2,1,'Tempore eum sequi quisquam. Ex nihil voluptat',59),(3,0,'Tempora qui quis ipsum fugit libero provident',91),(4,0,'Sit reprehenderit voluptatem et praesentium. ',76),(5,1,'Dolor sapiente qui dolorem error quidem autem',8),(6,1,'Amet praesentium labore voluptatem quia illo ',83),(7,1,'Numquam est explicabo aliquam aut. Recusandae',9),(8,0,'Nostrum ducimus quia dolor pariatur illum. Ea',28),(9,0,'Pariatur sapiente voluptas recusandae dicta s',4),(10,0,'Sit sint distinctio inventore vel quae sed ve',34),(11,1,'Vitae consectetur minus tempora et debitis ve',6),(12,1,'Omnis qui qui magni rerum. Quia fuga nostrum ',21),(13,1,'Ea esse aut sit est esse sit dolorum. Odit in',53),(14,1,'Aspernatur dolorem illum autem quasi. Maiores',34),(15,0,'Voluptatem maiores ut necessitatibus optio. T',11),(16,1,'Fugit ea minus assumenda voluptatibus eum occ',69),(17,1,'Qui quo et facilis porro ut quia et. Facere d',18),(18,0,'Sit aperiam provident cum et a. Quia culpa te',27),(19,1,'Sequi et consequatur amet sint nemo illo. Aut',3),(20,0,'Est quo est cumque eos dolore. Sit in asperio',69),(21,0,'Sed vel rerum voluptas cupiditate qui amet. A',82),(22,1,'Nisi voluptatum provident unde adipisci et. E',32),(23,0,'Consequatur qui porro est accusantium ipsam. ',44),(24,1,'Hic aut ut accusantium dolor deserunt. Aspern',27),(25,0,'Pariatur iure omnis corrupti voluptates. Sit ',47),(26,1,'Minus nam dignissimos quaerat rem autem. Dolo',78),(27,0,'Et quod et animi rerum qui impedit. Repellat ',31),(28,0,'Qui nulla quos voluptatum et tempora mollitia',76),(29,0,'Voluptate autem occaecati maxime laborum et a',46),(30,0,'Exercitationem maxime nisi voluptatem. Suscip',63),(31,0,'Eos eligendi tempore dolores et id debitis au',4),(32,0,'Sed aliquid numquam ab repudiandae aut. A sit',15),(33,1,'Eos aliquid fugiat ullam aspernatur deleniti ',22),(34,1,'Rerum facilis optio pariatur expedita dolore.',95),(35,0,'Deserunt nemo eos quos dolor. Cupiditate blan',90),(36,0,'Id recusandae ut maxime. Maxime ipsum est ape',29),(37,0,'Quod maiores atque laudantium tempora quasi q',77),(38,0,'Eum aperiam fugit ea et aliquam mollitia. Cum',99),(39,0,'Autem rerum assumenda odit eaque et adipisci ',56),(40,0,'Molestiae aperiam ea ut quos voluptas placeat',81),(41,0,'Ut aut velit laudantium placeat quia quia. Mo',32),(42,0,'Nisi placeat est sint at. Autem qui illo ut m',62),(43,1,'Quam aperiam ad delectus deserunt ea enim num',1),(44,0,'Quisquam reprehenderit iste rerum possimus qu',85),(45,1,'Ex repudiandae doloremque blanditiis distinct',95),(46,0,'Minima quia ut quaerat aut similique deserunt',11),(47,1,'Blanditiis magnam minus id omnis eveniet. Con',54),(48,0,'Qui ipsam ipsa accusamus aut. Eos aspernatur ',13),(49,0,'Sapiente recusandae adipisci qui iure. Quasi ',38),(50,0,'Sed autem sapiente et. Perferendis nesciunt v',56),(51,1,'Omnis reprehenderit ad qui qui deleniti quibu',81),(52,1,'Id vel aliquam doloribus doloremque. Qui aut ',19),(53,0,'Voluptatum eos facere repudiandae earum non v',87),(54,1,'Aliquam et eos eum quisquam officia illo modi',25),(55,0,'Omnis eum velit omnis assumenda corporis dolo',46),(56,0,'Quod voluptatibus inventore aut ad sit. Modi ',33),(57,1,'Fuga omnis praesentium dolores omnis. Veritat',3),(58,1,'Nemo suscipit ut reprehenderit expedita vel i',76),(59,0,'Error fugiat in pariatur maiores consequatur.',8),(60,0,'Voluptatibus impedit sint consectetur iusto r',48),(61,0,'Rerum assumenda laborum dolore suscipit. Volu',39),(62,0,'Quaerat odit corporis tempore doloribus error',12),(63,1,'Harum qui laboriosam est ut natus nobis harum',62),(64,1,'Laborum placeat debitis officia qui maxime a.',61),(65,0,'Atque pariatur consequatur amet eum ut neque ',7),(66,1,'Doloremque minima veritatis officia suscipit ',51),(67,0,'Quos ut minus laudantium voluptas aliquid ea ',89),(68,0,'Suscipit ut facere sint quasi. Aut qui minima',83),(69,0,'Placeat voluptates quod itaque est quod est u',49),(70,1,'Amet consectetur quis reiciendis magni quo qu',45),(71,0,'Vel quia distinctio ut expedita delectus perf',64),(72,0,'Minima saepe ipsa excepturi doloribus. Qui et',81),(73,0,'Molestiae eaque et et qui ullam. Quidem in au',6),(74,1,'Velit voluptatem eligendi repellendus ex amet',64),(75,0,'Et enim sapiente delectus. Quae ut qui explic',65),(76,1,'Praesentium sit autem et quo reprehenderit as',100),(77,0,'Voluptas praesentium non quia earum eligendi.',75),(78,0,'Quas est occaecati voluptatibus debitis aut q',18),(79,1,'Voluptatibus et et iste deserunt harum rerum.',13),(80,1,'Ut et impedit sit harum sed omnis ducimus. De',12),(81,0,'Numquam culpa placeat et nihil libero digniss',74),(82,0,'Id et voluptatem alias aspernatur quia illum.',94),(83,0,'Quos ut non ut qui delectus sed. Autem culpa ',31),(84,0,'Quidem incidunt repellat vel et. Sapiente omn',61),(85,1,'Sapiente natus corporis eius pariatur tempori',18),(86,1,'Dolorem dolores voluptas non sed ea ex vel. R',76),(87,1,'Harum enim et modi aliquam quibusdam nam expe',93),(88,0,'Quis et qui molestiae laboriosam ut illo. Ali',20),(89,0,'Provident rerum dignissimos voluptate sapient',52),(90,0,'Totam inventore fugiat est omnis libero velit',1),(91,0,'Qui et harum fugit quam. Accusamus impedit a ',67),(92,1,'Enim nobis eligendi doloremque ipsam. Veniam ',90),(93,0,'Unde omnis animi consequatur officiis aut. Di',13),(94,0,'Repellendus recusandae ducimus itaque hic ill',29),(95,1,'Quibusdam porro fugit illum. Repellendus aliq',50),(96,1,'Ullam modi eveniet magnam in consequatur. Per',19),(97,1,'Unde error maxime magnam et eveniet non porro',79),(98,0,'Quia ut minima mollitia nam. Nulla accusamus ',39),(99,0,'Fugit veniam similique suscipit beatae numqua',2),(100,0,'Quia vero et accusantium ducimus ad adipisci.',27);
/*!40000 ALTER TABLE `playlists` ENABLE KEYS */;
UNLOCK TABLES;

--
-- Table structure for table `playlists_content`
--

DROP TABLE IF EXISTS `playlists_content`;
/*!40101 SET @saved_cs_client     = @@character_set_client */;
/*!50503 SET character_set_client = utf8mb4 */;
CREATE TABLE `playlists_content` (
  `video_id` int unsigned NOT NULL,
  `playlists_id` int unsigned NOT NULL,
  KEY `fk_playlists_content_video1_idx` (`video_id`),
  KEY `fk_playlists_content_playlists1_idx` (`playlists_id`),
  CONSTRAINT `fk_playlists_content_playlists1` FOREIGN KEY (`playlists_id`) REFERENCES `playlists` (`id`),
  CONSTRAINT `fk_playlists_content_video1` FOREIGN KEY (`video_id`) REFERENCES `video` (`id`)
) ENGINE=InnoDB DEFAULT CHARSET=utf8mb4 COLLATE=utf8mb4_unicode_ci;
/*!40101 SET character_set_client = @saved_cs_client */;

--
-- Dumping data for table `playlists_content`
--

LOCK TABLES `playlists_content` WRITE;
/*!40000 ALTER TABLE `playlists_content` DISABLE KEYS */;
INSERT INTO `playlists_content` VALUES (120,57),(187,8),(135,3),(372,47),(343,61),(132,48),(143,10),(81,75),(379,57),(427,53),(253,53),(453,2),(210,65),(481,16),(421,80),(179,9),(182,74),(78,64),(378,90),(48,45),(252,36),(458,79),(227,8),(267,21),(320,39),(368,15),(457,65),(78,34),(142,12),(244,13),(457,85),(104,28),(288,37),(454,34),(130,1),(386,77),(180,69),(275,82),(381,9),(11,41),(234,76),(274,38),(199,71),(356,69),(410,20),(403,74),(22,2),(4,62),(187,92),(474,64),(458,72),(198,28),(202,95),(43,17),(13,11),(284,50),(432,12),(437,26),(408,59),(470,64),(391,75),(184,83),(379,38),(222,14),(145,39),(383,21),(54,16),(239,52),(52,57),(339,13),(335,25),(311,54),(178,50),(396,18),(39,74),(403,86),(239,18),(342,24),(273,13),(184,84),(258,14),(18,63),(146,52),(67,40),(38,81),(262,75),(27,15),(139,41),(319,7),(290,72),(400,39),(286,28),(278,26),(256,10),(190,88),(466,90),(5,97),(259,30),(240,66),(347,56),(231,22),(149,52),(180,58),(461,100),(322,51),(355,45),(442,29),(360,44),(268,24),(269,92),(55,47),(405,12),(217,33),(209,92),(489,12),(234,44),(164,77),(475,69),(170,88),(342,99),(186,40),(213,26),(336,15),(347,21),(188,23),(61,49),(348,93),(300,13),(128,2),(21,24),(64,51),(335,46),(136,62),(70,62),(245,83),(297,87),(107,2),(58,89),(81,81),(46,54),(19,22),(10,74),(71,62),(431,40),(318,91),(315,77),(206,30),(108,69),(458,36),(147,41),(88,89),(134,39),(452,39),(137,7),(95,37),(301,23),(288,62),(480,72),(119,83),(57,88),(362,75),(318,14),(20,85),(409,96),(102,12),(180,38),(499,63),(384,91),(4,4),(483,20),(201,57),(212,98),(93,39),(346,43),(102,81),(147,93),(273,93),(31,59),(389,88),(269,99),(495,90),(180,99),(261,13),(444,53),(83,86),(363,57),(209,15),(272,61),(265,24),(12,74),(20,32),(330,59),(123,72),(84,3),(299,71),(1,59),(300,37),(287,12),(244,47),(323,66),(156,37),(109,73),(259,77),(165,5),(498,36),(390,4),(335,44),(309,92),(80,79),(467,76),(243,94),(172,9),(148,92),(101,79),(189,85),(217,69),(109,66),(209,74),(206,75),(392,41),(49,57),(219,77),(1,6),(340,16),(419,62),(458,33),(274,26),(203,85),(88,61),(313,56),(228,6),(120,68),(354,66),(204,12),(202,19),(262,51),(376,97),(134,76),(8,95),(455,86),(279,83),(87,11),(42,58),(474,26),(93,58),(405,65),(315,5),(157,34),(353,72),(227,11),(455,98),(305,67),(469,88),(206,96),(411,33),(403,38),(74,98),(241,23),(279,43),(243,75),(499,30),(192,63),(172,70),(481,5),(209,42),(79,33),(197,77),(493,33),(321,40),(142,47),(360,9),(420,87),(33,32),(47,63),(374,58),(184,75),(438,75),(185,22),(224,34),(134,87),(374,43),(94,14),(97,18),(235,84),(286,76),(149,30),(419,14),(78,91),(228,25),(263,21),(415,90),(473,71),(321,32),(462,9),(323,20),(475,40),(309,14),(265,81),(156,100),(322,89),(374,94),(87,59),(37,33),(244,53),(289,2),(365,41),(453,68),(56,55),(494,4),(318,64),(112,59),(11,84),(361,56),(324,4),(274,29),(458,30),(114,9),(440,31),(208,37),(415,100),(191,56),(200,29),(116,51),(417,22),(272,47),(424,77),(26,87),(303,78),(210,26),(404,97),(271,73),(131,77),(405,14),(35,23),(253,90),(110,89),(228,62),(86,69),(64,1),(452,68),(236,76),(218,53),(310,5),(148,4),(146,11),(3,84),(412,27),(301,64),(203,68),(430,92),(285,8),(399,3),(348,97),(355,83),(486,62),(247,45),(181,93),(482,98),(485,26),(10,27),(180,3),(47,19),(145,70),(408,70),(183,68),(302,94),(375,40),(479,45),(184,67),(134,34),(138,77),(391,64),(345,75),(308,66),(2,64),(460,37),(329,2),(272,95),(355,36),(319,8),(16,24),(4,78),(320,97),(112,1),(315,50),(173,91),(126,13),(271,95),(436,16),(300,88),(395,52),(118,45),(267,78),(195,25),(69,3),(158,17),(134,33),(474,91),(144,18),(456,92),(331,26),(411,92),(191,37),(427,26),(259,46),(63,31),(487,37),(376,51),(71,14),(374,28),(84,7),(224,44),(193,40),(170,68),(282,26),(295,23),(254,41),(69,89),(385,100),(71,29),(222,27),(296,42),(315,35),(461,78),(241,67),(25,65),(365,50),(41,12),(446,42),(393,46),(336,38),(340,18),(392,82),(33,56),(404,21),(420,25),(237,43),(334,11),(386,59),(436,26),(129,93),(450,99),(210,99),(51,31),(201,89),(382,8),(130,45),(124,5),(130,32),(298,7),(260,44),(158,100),(432,99),(48,64),(285,97),(444,83),(444,79),(406,31),(384,92),(308,17),(399,38),(119,6),(410,49),(50,8),(400,70),(71,32),(65,46),(155,100),(219,41),(315,1),(185,52),(415,26),(151,64),(282,7),(276,18),(117,35),(278,48),(203,38),(479,51),(226,76),(100,60),(36,33),(25,39),(161,49),(393,95),(246,16),(232,33),(206,77),(480,98),(416,51),(76,7),(429,71),(269,27),(40,50),(383,54),(125,97),(62,33),(146,18),(351,62),(330,49);
/*!40000 ALTER TABLE `playlists_content` ENABLE KEYS */;
UNLOCK TABLES;

--
-- Table structure for table `profiles`
--

DROP TABLE IF EXISTS `profiles`;
/*!40101 SET @saved_cs_client     = @@character_set_client */;
/*!50503 SET character_set_client = utf8mb4 */;
CREATE TABLE `profiles` (
  `nickname` varchar(45) CHARACTER SET utf8mb4 COLLATE utf8mb4_unicode_ci NOT NULL,
  `url` varchar(45) CHARACTER SET utf8mb4 COLLATE utf8mb4_unicode_ci DEFAULT NULL,
  `gender` enum('m','f','x') CHARACTER SET utf8mb4 COLLATE utf8mb4_unicode_ci NOT NULL,
  `created_at` datetime NOT NULL DEFAULT CURRENT_TIMESTAMP,
  `birthday` date NOT NULL,
  `users_id` int unsigned NOT NULL,
  `avatar` int unsigned NOT NULL,
  PRIMARY KEY (`users_id`),
  KEY `fk_profiles_users1_idx` (`users_id`),
  KEY `fk_profiles_media1_idx` (`avatar`),
  CONSTRAINT `fk_profiles_media1` FOREIGN KEY (`avatar`) REFERENCES `media` (`id`),
  CONSTRAINT `fk_profiles_users1` FOREIGN KEY (`users_id`) REFERENCES `users` (`id`)
) ENGINE=InnoDB DEFAULT CHARSET=utf8mb4 COLLATE=utf8mb4_unicode_ci;
/*!40101 SET character_set_client = @saved_cs_client */;

--
-- Dumping data for table `profiles`
--

LOCK TABLES `profiles` WRITE;
/*!40000 ALTER TABLE `profiles` DISABLE KEYS */;
INSERT INTO `profiles` VALUES ('elvis24','abner.ruecker','m','2003-04-17 07:29:21','1983-01-08',1,310),('chet54','rogahn.orpha','m','1996-10-23 12:35:43','1983-03-24',2,248),('rashawn76','goldner.mayra','x','2005-01-27 00:43:49','1983-05-21',3,357),('damion53','martine.zboncak','x','1973-07-01 12:52:01','1998-05-23',4,102),('dorothea02','lexie37','m','2006-06-22 10:11:24','1995-03-11',5,315),('maeve.brakus','lucienne26','f','2017-01-09 03:49:12','1996-11-12',6,307),('cartwright.elvis','amie.bogisich','m','1992-03-06 22:04:10','1986-08-24',7,246),('ozella.berge','irutherford','f','2020-12-21 05:32:15','1980-12-02',8,421),('bethel49','russ.leffler','f','2008-07-26 23:20:20','1972-12-13',9,18),('kali.ziemann','eichmann.jayne','m','1990-10-09 13:48:17','1972-09-27',10,347),('xander.brakus','ziemann.eva','m','1989-11-18 16:03:16','1991-08-27',11,431),('mckenna.huels','hstehr','m','1977-03-21 06:10:52','1986-10-03',12,50),('tcorkery','prohaska.matilda','x','1996-05-19 03:01:52','1973-10-25',13,188),('cummerata.retta','aaron.miller','m','1972-01-18 13:44:52','1972-05-24',14,500),('iauer','wiza.aiden','f','2010-12-30 13:56:03','1981-12-13',15,194),('gerlach.payton','lauretta13','f','1988-03-10 19:22:58','1996-01-06',16,419),('franecki.vincent','wilfrid.stoltenberg','m','1984-11-20 16:07:04','1990-08-30',17,352),('gilda.emmerich','howell.tatyana','m','1973-07-14 10:20:16','1995-08-30',18,489),('madyson55','christiansen.margarette','x','2004-03-16 11:54:30','1986-01-29',19,155),('ondricka.elouise','leffler.melany','f','2015-02-24 07:31:59','1998-02-04',20,498),('camron.halvorson','antonia93','m','2002-06-03 05:16:10','1987-04-01',21,253),('chester.reichert','hackett.filiberto','x','2008-08-11 23:16:18','1974-07-27',22,129),('rice.daija','marley.rutherford','f','2001-04-18 15:02:52','1984-06-22',23,94),('uriah45','imills','m','1998-12-27 13:10:44','1993-10-31',24,209),('theron.roberts','kovacek.avis','m','2012-05-22 03:03:41','1985-09-15',25,102),('ernestina94','ecarter','m','1988-07-04 07:30:42','1987-03-07',26,102),('morar.everette','alvena49','m','1985-06-27 17:45:07','1975-10-13',27,82),('harris.joana','graynor','x','2020-02-06 01:53:07','1987-05-23',28,189),('ehilpert','babshire','x','1990-07-12 19:34:35','1989-04-19',29,434),('von.norris','adriana90','x','1983-12-08 04:12:36','1998-05-16',30,221),('gloria.ullrich','margarett.terry','m','2006-08-19 11:19:01','1993-06-15',31,17),('leta.aufderhar','lcrist','m','1978-05-02 19:00:51','2002-04-17',32,244),('gkoch','yazmin.kuhn','x','2013-02-05 19:15:39','1989-02-20',33,468),('cremin.giles','abernathy.kaylin','x','1973-06-07 06:00:59','2000-05-04',34,374),('bayer.syble','boyer.korbin','f','2018-03-19 22:28:16','2000-08-03',35,346),('aniya69','giovanni80','x','2007-04-21 12:32:21','1989-10-04',36,282),('mante.carley','ethan.osinski','f','1983-08-31 03:57:14','1971-12-31',37,180),('upton.antone','wnienow','m','1970-04-16 09:22:53','1983-10-30',38,92),('jadams','heaney.letha','f','1999-04-30 22:21:43','1997-05-11',39,203),('sister36','mzulauf','f','1983-03-28 04:22:30','1983-06-22',40,198),('pagac.tamia','raleigh.rice','f','1974-07-28 04:20:09','1972-08-28',41,439),('orn.jacinthe','blake.wiegand','x','2008-08-05 00:45:47','1999-03-03',42,134),('huel.emilia','maybelle94','m','2009-07-23 11:21:25','1970-01-09',43,247),('karelle.howell','tatum46','f','1995-02-20 14:52:47','1976-01-05',44,126),('rodriguez.jadon','tkassulke','x','1996-03-17 03:46:21','1974-08-11',45,134),('stone26','turner.pfeffer','x','2000-06-29 08:00:34','1991-06-14',46,441),('camden.paucek','judd.oberbrunner','x','2010-03-19 00:01:23','2002-08-12',47,45),('macejkovic.obie','kovacek.jonathon','f','1998-12-03 03:05:27','1977-10-11',48,485),('darlene.hodkiewicz','jdeckow','x','1994-01-18 22:43:25','1992-09-24',49,429),('roosevelt83','dkassulke','m','1974-05-18 01:26:29','1994-05-19',50,199),('celine.green','jovanny.dibbert','x','1987-09-22 13:29:44','1991-02-08',51,482),('benton.hauck','akihn','f','2010-08-24 16:23:01','1989-12-07',52,182),('virgil.maggio','icrona','x','2005-04-21 10:42:14','1985-06-24',53,327),('padberg.claire','barbara59','m','1976-02-15 14:06:14','1984-03-22',54,75),('sschamberger','shanel29','x','1975-10-30 01:26:41','1999-09-07',55,391),('xreilly','bruen.hillary','x','1999-07-07 05:28:29','1985-05-17',56,429),('qschmitt','schmeler.bryana','x','1981-07-18 02:25:46','1990-03-20',57,177),('casimir.mccullough','rolfson.damon','m','1974-10-08 17:03:01','1979-12-11',58,472),('jkonopelski','nkoelpin','f','2015-01-25 22:25:18','1974-07-22',59,117),('burley01','marion.johnston','f','2020-04-08 19:53:48','1986-02-01',60,111),('dallin.torp','maud.rowe','m','2020-02-16 13:14:49','1977-02-05',61,193),('vrowe','cconroy','f','1984-11-15 06:47:48','2000-05-06',62,134),('nbernier','blick.melyssa','m','1996-01-20 05:43:45','1985-12-15',63,355),('gauer','wolf.jayson','x','1977-03-25 12:27:02','1987-04-06',64,160),('champlin.theron','addison54','m','2005-03-14 02:18:27','1981-05-24',65,8),('jerod.hartmann','bert34','m','1997-04-09 02:00:21','1993-09-23',66,200),('gstreich','bruce75','f','1979-11-25 02:48:13','1996-08-29',67,442),('cbecker','rick38','f','1999-12-23 18:16:02','1998-04-14',68,188),('crutherford','allie.towne','x','1986-11-20 12:56:05','1988-09-24',69,292),('knikolaus','cristobal37','f','2000-09-18 03:07:11','1987-06-13',70,144),('mara.rosenbaum','pagac.zula','f','1984-09-08 13:29:54','1976-08-29',71,385),('xreynolds','hveum','m','1971-08-24 09:33:42','1988-01-13',72,231),('weber.cassandra','arlie.marquardt','x','1970-10-10 17:49:26','1987-03-26',73,277),('doyle.lulu','zulauf.aaliyah','x','1992-12-07 06:34:34','1984-08-03',74,132),('dwest','gtromp','m','2002-07-11 04:47:48','2000-02-28',75,356),('lcrona','mariah.beahan','f','2004-01-08 06:38:54','2001-07-02',76,410),('isaias.champlin','estanton','x','1974-03-23 10:18:39','1986-02-02',77,72),('jany.weimann','verna.moen','m','1991-11-18 00:17:23','1999-01-18',78,401),('hodkiewicz.brannon','lucienne75','f','1997-01-27 01:45:45','1986-02-13',79,395),('rprosacco','bobbie.wiza','m','2006-01-23 11:36:31','1975-09-27',80,1),('reva.medhurst','geo.jacobson','f','2000-07-11 09:21:34','1977-07-03',81,99),('pfeffer.gonzalo','granville.becker','x','1992-07-09 15:20:38','1978-01-30',82,377),('hd\'amore','karlie59','m','2010-08-31 03:14:45','1988-02-11',83,182),('emely.hills','prohaska.violette','x','2018-01-05 00:11:02','1995-07-12',84,426),('kemmer.elinor','ppowlowski','m','1978-03-29 16:42:44','1989-12-27',85,452),('bernadette.cassin','ptorphy','f','1986-06-03 11:00:29','1988-06-06',86,72),('kari61','edubuque','x','1973-08-13 12:21:14','2001-03-18',87,354),('reichert.javier','cfadel','x','2011-05-08 17:15:06','1997-06-15',88,128),('dfeeney','damon.cremin','f','1975-02-28 08:25:38','1983-09-04',89,44),('chad79','ymcglynn','x','2011-01-27 21:45:02','1970-08-03',90,471),('gmosciski','uschmidt','f','1976-10-15 15:41:06','1984-10-15',91,239),('sharon61','oberbrunner.jeremie','x','2008-05-20 02:23:10','1990-08-24',92,236),('celia.christiansen','burnice37','x','2020-02-06 02:13:35','1971-01-01',93,104),('salma.schoen','vrogahn','f','1988-11-17 01:42:57','1983-05-02',94,93),('viviane.willms','yhansen','m','1986-05-09 18:40:57','1999-12-13',95,396),('tiana58','rippin.katrine','f','2007-10-26 22:05:04','1977-05-26',96,112),('hills.dax','nmorar','f','1973-04-06 04:13:15','1977-07-04',97,293),('dickens.hobart','jefferey74','f','1972-01-23 00:30:59','1994-12-29',98,337),('mya.gulgowski','reta.bogisich','f','1972-06-04 12:30:02','1984-10-31',99,299),('melody.schowalter','jacobi.arturo','f','1971-09-04 15:35:58','1990-12-15',100,85);
/*!40000 ALTER TABLE `profiles` ENABLE KEYS */;
UNLOCK TABLES;

--
-- Table structure for table `user_types`
--

DROP TABLE IF EXISTS `user_types`;
/*!40101 SET @saved_cs_client     = @@character_set_client */;
/*!50503 SET character_set_client = utf8mb4 */;
CREATE TABLE `user_types` (
  `id` int unsigned NOT NULL AUTO_INCREMENT,
  `name` varchar(45) CHARACTER SET utf8mb4 COLLATE utf8mb4_unicode_ci NOT NULL,
  PRIMARY KEY (`id`)
) ENGINE=InnoDB AUTO_INCREMENT=5 DEFAULT CHARSET=utf8mb4 COLLATE=utf8mb4_unicode_ci;
/*!40101 SET character_set_client = @saved_cs_client */;

--
-- Dumping data for table `user_types`
--

LOCK TABLES `user_types` WRITE;
/*!40000 ALTER TABLE `user_types` DISABLE KEYS */;
INSERT INTO `user_types` VALUES (1,'customer'),(2,' star'),(3,' amateur'),(4,' channel');
/*!40000 ALTER TABLE `user_types` ENABLE KEYS */;
UNLOCK TABLES;

--
-- Table structure for table `users`
--

DROP TABLE IF EXISTS `users`;
/*!40101 SET @saved_cs_client     = @@character_set_client */;
/*!50503 SET character_set_client = utf8mb4 */;
CREATE TABLE `users` (
  `id` int unsigned NOT NULL AUTO_INCREMENT,
  `firstname` varchar(90) CHARACTER SET utf8mb4 COLLATE utf8mb4_unicode_ci NOT NULL,
  `lastname` varchar(90) CHARACTER SET utf8mb4 COLLATE utf8mb4_unicode_ci NOT NULL,
  `email` varchar(45) CHARACTER SET utf8mb4 COLLATE utf8mb4_unicode_ci NOT NULL,
  `password_hash` char(65) CHARACTER SET utf8mb4 COLLATE utf8mb4_unicode_ci DEFAULT NULL,
  `user_types_id` int unsigned NOT NULL,
  PRIMARY KEY (`id`),
  UNIQUE KEY `email_UNIQUE` (`email`),
  KEY `fk_users_user_types1_idx` (`user_types_id`),
  CONSTRAINT `fk_users_user_types1` FOREIGN KEY (`user_types_id`) REFERENCES `user_types` (`id`)
) ENGINE=InnoDB AUTO_INCREMENT=101 DEFAULT CHARSET=utf8mb4 COLLATE=utf8mb4_unicode_ci;
/*!40101 SET character_set_client = @saved_cs_client */;

--
-- Dumping data for table `users`
--

LOCK TABLES `users` WRITE;
/*!40000 ALTER TABLE `users` DISABLE KEYS */;
INSERT INTO `users` VALUES (1,'Murphy','Rippin','orion.huels@example.net','abe7d7ceda68b5248152eaac753dcabec9a6302d',4),(2,'Harmon','Konopelski','arely05@example.org','ad1234cafbb44af2cc35564180cb4edc488ced2e',1),(3,'Leon','Harvey','reid.witting@example.com','8ddb28119089aab8ee3b4c115b7324529f30e31b',3),(4,'Malachi','Legros','gaetano65@example.com','903c999d18e7912e598dd7395905622d37b774f2',2),(5,'Eileen','Sporer','marielle43@example.org','3c10d3949e325f2c8d8e09c573761d0b3bc685e8',4),(6,'Rachel','Torp','wchristiansen@example.net','8dc6a0ef295b39913bd8b5d4ceba59daee008c78',1),(7,'Trycia','Glover','nikolaus.brayan@example.com','5e71d93c7725f3d1d605b12e7f54e30740b1c86a',3),(8,'Delores','Beier','sarah93@example.com','7e10a363c71c5bccfccdb3b6d21c994bf0491a2d',1),(9,'Meggie','Ankunding','cummings.doyle@example.org','5e072bb069f79855b75afcb1ab61aee3f76f9863',4),(10,'Darrell','Zulauf','mcclure.rozella@example.org','2240491b00f55ed7a69733c221cd77157c4eed62',3),(11,'Abel','Flatley','orion.christiansen@example.org','ad684e4f672d17bd3ebcfaf1057d8b741b3463fb',4),(12,'Rashad','Stamm','klebsack@example.org','d29beda8d7ea0793d4c38f67040e960527632e9f',1),(13,'Jo','Hudson','delbert85@example.org','e0fef1f0b80444d1cd303720813800d2de570cea',4),(14,'Leila','Davis','ernser.fred@example.com','6adca23c569c5d9ba2fca0b51411fdb51066477c',4),(15,'Eldon','Lockman','tdenesik@example.com','6ee8baf2c4cb1b0e7741d575a7482a425eeb596a',4),(16,'Gladyce','Torphy','wkuhn@example.org','79e8756634dea7e486a42bc91777e5105a881929',3),(17,'Marty','Baumbach','kub.emmie@example.org','4f9939675384237190d0b3cab546f38283f079b3',3),(18,'Isabell','Stroman','jstroman@example.com','7a758707adbafb70e3aec3170ff32d9466f4f072',4),(19,'Halle','Erdman','luther.nitzsche@example.com','d74efc3aa34915d3e6920d96e5a5a7216967289c',4),(20,'Chadd','Crooks','adare@example.com','e07fb798b547d6698c8e356812c862065369d6f7',3),(21,'Heather','Kuphal','schoen.wallace@example.org','13babad7372208929e9f3479d5edbb2620bf3c8d',2),(22,'Trudie','Hegmann','nhegmann@example.com','d227b1dac6079efee7847bfb3427d78947947f6a',1),(23,'Kenya','Corwin','jbayer@example.com','b6dc5f4889a49335fe8d2f7e7d790ffa65508692',4),(24,'Carmela','Murray','keshawn03@example.org','f37d8d63547f614a431ebc57be56c1ceb2f5d756',3),(25,'Herminia','Romaguera','elittle@example.com','29f4c1a75a7510510a8baec67bc9ac83c4b903e3',1),(26,'Lafayette','Gaylord','melba.schuppe@example.net','3076a8a6f295d1ad5c27b55f57213fc240b3cdff',2),(27,'Tiffany','Cassin','xo\'reilly@example.com','402819462725798f99f98671e7f4bd81fe40854a',4),(28,'David','O\'Hara','hermann.nikolas@example.com','7e526f98c669568cf6ae29936925adb2908fce06',3),(29,'Waldo','Barton','shane79@example.org','2596743d7e54b26b174b6e63d4b2230e5fb73971',4),(30,'Hettie','Oberbrunner','kuphal.elfrieda@example.net','d460974bfb9786e5bd39a537c51f5b3f247669b8',3),(31,'Andreane','Williamson','liliane.runte@example.com','5cde4b4c1303ecd46eaf880ff3efa8380e876035',1),(32,'Walker','Rodriguez','lauryn17@example.net','2d9482cb8491b203d594b6e78fb21fdb9835deda',4),(33,'Carolyn','Cruickshank','rita.runte@example.net','69ed52bf585b85cddf5c2e6aeb1845e3cfea910e',4),(34,'Reid','Blanda','rashad76@example.net','892136e8a63dbb281ad1c414cc286e2dcf795672',3),(35,'Makenzie','Bogan','bayer.winona@example.org','e89c74cf963c8c06b4ef7058800a9c629e4b6d0e',1),(36,'Cleveland','Von','rosenbaum.tavares@example.com','be66b912fa38109d74b8e3ee465d0cac15102914',3),(37,'Cathryn','Farrell','xturner@example.org','ea2e6e14f11c67589efdeb6024d8de32d41aeb64',3),(38,'Destinee','Corkery','vickie42@example.org','a667e2f5402e5583a9f4a6a01daeedf35e968872',4),(39,'Cristina','Halvorson','quentin.o\'connell@example.com','ecaa62decdd456bbb194fdfaa39eae93d0889bdc',4),(40,'Jane','Zieme','donnelly.kim@example.org','325029f2b8c752b6b6287cc2274c626d2e4b2942',2),(41,'Cheyenne','Barton','marquardt.camryn@example.org','63e70166769ca22b361eef8d180ede28d7da2acc',2),(42,'Hillard','Cartwright','witting.woodrow@example.com','1e055c71a32f57d0d3b178712d15b134530942ec',3),(43,'Eliseo','Stroman','crooks.chesley@example.com','c2240890671a345f9ad0b97bb7bde723e63e4339',3),(44,'Mercedes','Rolfson','vondricka@example.net','483b96f3d193907ca460f5151dba09614f9ac500',2),(45,'Zaria','Lockman','odessa64@example.com','4be695d660cf6ef34e9c61a8550d704432650bd3',2),(46,'Gloria','Maggio','will.mclaughlin@example.com','d655bc60748f4d818b892b93aa03664122a44eb0',2),(47,'Karson','Zemlak','flavio.wolf@example.net','e2fd4b38ca1d5f69d1b97a39967adf7ffbd18e9f',1),(48,'Kelvin','Weissnat','fisher.lizzie@example.org','25f538aeb01c335e04245d6e380773a96d39719c',1),(49,'Tyra','Bergnaum','corbin14@example.net','bbc4ced57861eb5cd042d4aa43e4b611959e1477',2),(50,'Ara','Heller','adele04@example.net','2d717165f8cc5fc480992d20a58d10c72a7e2992',4),(51,'Loyal','Bauch','groob@example.org','b986c7999ff0bec14147b6d5a6a1c4deb161a056',4),(52,'Abner','Schaden','janessa89@example.net','b4948af9838351bce9f02597ea723eabdea0177f',3),(53,'Milo','Jacobi','gutmann.valentina@example.com','6292bc001c9ca41cabdca09b7820bb9411df243d',1),(54,'Camille','Feest','albert32@example.net','e425afbdc4ae2bf22146db5bc78af3e76e1b4128',3),(55,'Camren','Harber','yazmin.durgan@example.org','8e8c3e9178d801d3dd4ed935a4204cb01f2a8033',1),(56,'Eldred','Schimmel','anais20@example.com','2d9c39c968349160f7ca870da2a44ab1667c5314',1),(57,'Kasandra','Bechtelar','lebsack.libby@example.com','def838a983104c96a0a1457503719938d2a7c150',1),(58,'Abagail','Feest','brannon.brekke@example.org','5efa8c6baaf6ad3dde1f9dd447fad0423d367612',1),(59,'Juanita','Goodwin','dkris@example.com','f71ba1accf9e5b53db8ba9d598fe1e0defb986c4',4),(60,'Alanis','Pagac','christine28@example.org','ba09c44243fba8d150eb71e57ca27f40ce89ff8a',1),(61,'Clarabelle','Gutmann','mueller.vicente@example.org','0a6d159e686ea93e0911e9c471ba3cd4c8f06588',4),(62,'Ibrahim','Spinka','sylvan62@example.org','c355d636febd83d750aac9b1ceca16e1a6da06ff',1),(63,'Jammie','Braun','nroob@example.org','7a330faf526fb5aa03eac3a4b288a907d3894cd9',4),(64,'Zander','Russel','nherman@example.net','92e4ca56a0c497aa7f86f7103599e1a35b846cba',3),(65,'Stanford','Dach','velma.kris@example.net','33c91418e9a28b1d53d3cb31dea97be9c8d8d8cd',3),(66,'Enola','Sauer','ffay@example.com','fca223c8919ca56ca6dbf90a8597d69b6dce6a25',1),(67,'Ivy','King','kerluke.esmeralda@example.com','48010cf84d57cb42222d0c0c9e56eba51a86fa04',2),(68,'Santino','Moen','augusta34@example.com','44e0b3fe860770f4df5093774cd0cfac8090fac2',1),(69,'Laurine','Veum','myrtis77@example.org','5965866a8a926456443d42b49a96518220f43325',4),(70,'Sydnee','Anderson','mariela.hauck@example.com','1e209f6dc45f6ebf40063ae973d541596bd7a8f7',1),(71,'Joanne','Witting','pablo.kertzmann@example.org','52264e92c85d27d8208378e4ba0a63298d411abc',3),(72,'Lolita','Gibson','wjast@example.net','908753a5af1163916cabab6f334ab70f2e074545',2),(73,'Madonna','Gislason','grover.hayes@example.com','24245ccec16c89c4b1a0288adee384e41792f242',4),(74,'Vidal','Kertzmann','luettgen.emmanuelle@example.com','9166fb52962350f46f78054f2fc11d9c3a0d5c6d',1),(75,'Gino','Witting','aschmidt@example.net','a34b9519a32be9fac1991550c1abd387758eb804',4),(76,'Elda','Conn','ywilkinson@example.net','104b757680771c4254cf363d8665d9a3637a5a89',2),(77,'Tessie','Ullrich','ronaldo42@example.com','90e72877eead98d44eca0c3d4e3f0a7af230e89c',3),(78,'Samson','Stehr','pagac.natasha@example.net','b6373304576c56ed89e5a6b9f73cd0556d44ab8a',4),(79,'Xzavier','Wolff','xlangosh@example.net','ff57b8e7148087b494f1e75a6dbb78f4767feb00',2),(80,'Tiara','Schuppe','hhermiston@example.com','8e1b3a088a03b33f54a8d9e4c99bdca183105b9d',4),(81,'Josie','Bernhard','maryjane76@example.com','4120f601ec9f55168f0cc1294ad5390d242dfdbe',4),(82,'Carmine','Littel','vklein@example.org','4756e560a346e75fcd02e9b151fe7cf2a57bde92',2),(83,'Keyon','Gulgowski','jovan83@example.net','4ab6a775e07adb3c804ee416070b7c6411adacb5',2),(84,'Jacynthe','Schulist','valentine70@example.com','8c34b25421401ecf5dacf47a973c6dc86c3d81fe',1),(85,'Brielle','Orn','madison48@example.org','5adf20540c28963a5b91d8e55e4b522a9f12dd1c',1),(86,'Ricardo','Watsica','ellsworth94@example.com','73500999db752a1b09181b3cde42e97a9df9dc1d',3),(87,'Sonya','Romaguera','theo.champlin@example.net','697c4c7df2b31e511a17fb9775dcc2e79b4e42a7',1),(88,'Timothy','Klocko','satterfield.marisa@example.com','4895dac128b6e0e0362517040f450bf25cb9b706',1),(89,'Milton','Bauch','bryana65@example.com','acb648ed70d76081bf4fb12f5394a4c350863e8d',4),(90,'Ethelyn','Windler','erogahn@example.org','3f0db4aeaacbe06896b52da2e30696c20aefe349',1),(91,'Emelie','Conroy','jayme20@example.com','dc65ebf3a7857b71a06fdef6bcdf9532ad914ab0',2),(92,'Quentin','Hauck','medhurst.mariam@example.org','e18124f5c9bc3a187a8b960462f432133def5322',3),(93,'Annette','Ortiz','addison.weimann@example.com','0ead8814804efacc0a430a5ffd2e9eb6eb114652',1),(94,'Jakob','Wunsch','lillie.kuhic@example.org','ecd0f60bbc99f61d3fced2ac0c6b60c2ebd9e1fb',1),(95,'Claudie','Gibson','weber.agustina@example.net','dbf664f99b06e7bd0988621f1d5a7a168bf5358b',2),(96,'Retta','Becker','alexanne97@example.net','c37d0f7316903d3109410d14efb0a8bb4dd41f65',4),(97,'Josefina','Weimann','raynor.aric@example.com','e7160afd7f12ea0c565da613e594c3f09bb9b631',2),(98,'Everett','Connelly','luettgen.duane@example.com','307bace84ebedf03b4daf0559b51dbae72b5116d',3),(99,'Jairo','Weissnat','doyle.zackary@example.net','2813bdae5df510b86f9a12de3d9b9728bb4a7c13',4),(100,'Sarai','Deckow','beulah.gutmann@example.com','62f3967a246c04ec1481b7a4a3e213d21b3d789a',1);
/*!40000 ALTER TABLE `users` ENABLE KEYS */;
UNLOCK TABLES;

--
-- Table structure for table `video`
--

DROP TABLE IF EXISTS `video`;
/*!40101 SET @saved_cs_client     = @@character_set_client */;
/*!50503 SET character_set_client = utf8mb4 */;
CREATE TABLE `video` (
  `id` int unsigned NOT NULL AUTO_INCREMENT,
  `name` varchar(70) CHARACTER SET utf8mb4 COLLATE utf8mb4_unicode_ci NOT NULL,
  `duration` time NOT NULL,
  `uploaded_at` datetime NOT NULL DEFAULT CURRENT_TIMESTAMP,
  `status` tinyint(1) NOT NULL DEFAULT '1' COMMENT '0 - non active, 1 - active',
  `url` varchar(45) CHARACTER SET utf8mb4 COLLATE utf8mb4_unicode_ci DEFAULT NULL,
  `size` bigint NOT NULL DEFAULT '0',
  `metadata` longtext CHARACTER SET utf8mb4 COLLATE utf8mb4_unicode_ci,
  `categories_id` int unsigned NOT NULL,
  `users_id` int unsigned NOT NULL,
  PRIMARY KEY (`id`),
  KEY `fk_video_categories_idx` (`categories_id`),
  KEY `fk_video_users1_idx` (`users_id`),
  CONSTRAINT `fk_video_categories` FOREIGN KEY (`categories_id`) REFERENCES `categories` (`id`),
  CONSTRAINT `fk_video_users1` FOREIGN KEY (`users_id`) REFERENCES `users` (`id`)
) ENGINE=InnoDB AUTO_INCREMENT=501 DEFAULT CHARSET=utf8mb4 COLLATE=utf8mb4_unicode_ci;
/*!40101 SET character_set_client = @saved_cs_client */;

--
-- Dumping data for table `video`
--

LOCK TABLES `video` WRITE;
/*!40000 ALTER TABLE `video` DISABLE KEYS */;
INSERT INTO `video` VALUES (1,'Culpa sit nihil qui omnis.','16:17:26','1992-10-05 09:00:11',0,'pkizjqigw',2484,NULL,3,84),(2,'Quia laboriosam sapiente dolore sequi.','00:24:06','1978-03-24 23:38:15',1,'yoahzgqtg',761,NULL,3,76),(3,'Rerum ex aut quia.','14:29:40','2008-02-05 22:30:46',1,'hieshuzio',3222,NULL,3,81),(4,'Aut et animi exercitationem sapiente consectetur eveniet a.','11:00:50','2019-07-27 01:28:44',0,'farhncyda',2618,NULL,4,61),(5,'Et nihil cum vel voluptas cum reprehenderit voluptas rem.','17:29:00','1979-05-01 09:31:24',0,'cqgpqoxzo',3550,NULL,2,31),(6,'Dolorem tempore saepe pariatur ut ut tempora placeat.','12:51:27','1975-07-28 20:58:58',1,'pmxdzusiy',2584,NULL,2,75),(7,'Et animi quo ex dolore debitis accusantium.','14:40:12','1976-05-25 07:41:07',0,'ejnmdtwhz',2652,NULL,2,27),(8,'Beatae vel placeat praesentium fuga.','01:39:16','1981-08-24 03:38:39',1,'ysbeqpmbp',1308,NULL,4,5),(9,'Iure consequatur error maxime maxime eaque id ut perspiciatis.','14:50:40','1990-08-07 17:32:00',1,'ncqzpczfg',590,NULL,4,8),(10,'Et iusto harum nisi quisquam.','03:59:28','1993-01-02 02:56:23',0,'tzpwtfnck',2334,NULL,4,33),(11,'Asperiores et et maxime occaecati sed consequatur.','09:02:11','2001-08-17 13:07:29',1,'yubvvyvph',1960,NULL,4,78),(12,'Voluptas sit aut dolorum eaque fuga omnis.','00:14:21','1970-11-17 09:32:50',0,'zhtywiwem',712,NULL,2,18),(13,'Rerum iure voluptatem explicabo velit est nesciunt laudantium quibusda','08:31:22','2018-10-07 11:31:13',0,'lhsdcwicf',1437,NULL,4,36),(14,'Ut ut iusto aut et unde.','21:23:07','2012-05-16 08:51:12',1,'wzvfopkrq',977,NULL,3,78),(15,'Non ipsa molestias aut tenetur quos dolores.','10:41:36','2001-09-06 01:49:44',1,'lbtovpyuh',1196,NULL,4,30),(16,'Repellendus quis quo dolorem architecto et in asperiores.','06:00:16','2011-04-01 16:07:04',0,'jfrfgxxlm',3996,NULL,5,33),(17,'Id voluptatem qui ad deserunt atque odit.','01:24:34','2000-03-09 09:49:28',0,'ysudixrbm',1376,NULL,1,30),(18,'Ratione doloremque minima eos itaque debitis hic aut vero.','23:27:54','2015-08-05 21:46:56',1,'ikwewauvn',1527,NULL,1,73),(19,'Molestias ea molestiae ex quidem.','22:50:00','2010-10-14 20:10:58',0,'ryqsjjqms',4856,NULL,1,81),(20,'Quibusdam autem et velit.','05:13:24','2000-07-13 07:17:47',0,'hgxloqlvv',2630,NULL,2,31),(21,'Consequuntur cumque animi rerum modi repellendus.','09:17:46','2015-03-26 01:25:21',1,'ddbzhjfpc',1995,NULL,1,56),(22,'Ut eligendi impedit tenetur quas veritatis dolor perferendis.','01:25:09','2002-04-04 05:49:47',0,'qutrodkhk',1989,NULL,1,49),(23,'Nemo et qui corrupti cum eum.','19:53:28','1999-02-21 18:41:40',0,'zzrgknuos',2696,NULL,5,82),(24,'Ea maxime quam cum necessitatibus exercitationem.','08:46:39','2008-05-27 00:23:57',0,'vfrrqkzbe',3548,NULL,3,49),(25,'Est non officia enim reprehenderit est ut ut.','12:16:17','2005-11-06 10:14:41',0,'ixhiqczef',2227,NULL,5,18),(26,'Et deleniti velit fuga at neque.','10:19:12','1974-07-30 00:01:08',0,'rkvcdbjpg',4296,NULL,5,57),(27,'Temporibus dignissimos ut amet deleniti maiores harum.','22:50:29','1971-07-15 23:19:20',1,'eiaerckdo',3691,NULL,5,12),(28,'Pariatur itaque excepturi perferendis itaque tempore.','18:05:20','2011-08-27 10:04:32',1,'qxukpsbvk',4209,NULL,4,63),(29,'Magni harum assumenda mollitia voluptatem quos placeat.','21:38:45','2013-10-21 06:33:55',1,'pixzougig',3648,NULL,3,21),(30,'Voluptas dolore dignissimos ut excepturi harum eos.','12:35:13','2009-08-15 17:04:47',0,'pjptmptdt',2973,NULL,2,24),(31,'Sit dolorem sint esse optio est adipisci maxime inventore.','06:44:19','1993-09-21 21:53:16',0,'bbqtqrcnx',2277,NULL,3,22),(32,'Omnis aliquid rerum est.','03:25:04','2007-11-27 04:52:01',1,'uiailkirq',4376,NULL,3,63),(33,'Velit est et aut.','16:46:02','1972-03-05 14:28:32',0,'eathizeyc',4456,NULL,3,64),(34,'Incidunt suscipit minima praesentium reiciendis autem consequatur.','22:58:04','1995-08-06 05:04:29',0,'qimumazsc',4698,NULL,2,61),(35,'Et minima aut consequatur placeat quo vitae ratione.','22:54:32','2008-12-14 21:48:19',1,'zfnblxudf',1400,NULL,3,68),(36,'Perferendis consequatur nam fugiat esse eaque consequatur iste fugiat.','05:17:13','2010-07-11 16:44:29',1,'vgtmsqgsp',4295,NULL,5,56),(37,'Aut maxime repellendus sed et.','07:15:09','2002-04-04 23:35:11',0,'cqwefctwe',2819,NULL,2,98),(38,'Sit est eaque accusamus quaerat.','17:46:01','2011-01-06 04:18:00',0,'mstjawjny',4582,NULL,1,5),(39,'Facilis atque voluptates unde aut rem.','22:38:03','1985-08-26 03:40:11',1,'vdwlyrpkc',4553,NULL,4,57),(40,'Quidem exercitationem eos est aut eius doloribus.','22:39:47','1979-06-07 16:00:03',0,'tnurotedp',1668,NULL,3,68),(41,'Ut qui voluptatem deleniti quibusdam reiciendis qui.','19:13:41','1996-08-06 21:53:38',1,'xnovovdnt',3514,NULL,4,35),(42,'Quis culpa cupiditate doloribus.','02:05:02','2002-07-21 22:35:02',0,'clcpvtcib',3427,NULL,2,69),(43,'Consequatur asperiores quia culpa rerum.','16:44:29','1996-12-28 19:13:03',1,'toxewmdwo',148,NULL,3,100),(44,'Expedita eius id consequatur.','04:14:07','1979-03-30 13:38:54',1,'zwwpbrgkf',2758,NULL,2,93),(45,'Qui architecto voluptatum laboriosam fugit earum consectetur quaerat i','16:08:23','2010-12-13 14:14:52',0,'sogmidspu',4059,NULL,2,71),(46,'Qui ut expedita quo sunt.','14:02:27','1981-06-15 09:28:12',0,'khjnezbew',1525,NULL,1,71),(47,'Iste perspiciatis et enim odio.','20:30:30','1989-11-25 01:53:15',1,'nmbesasvf',3854,NULL,5,73),(48,'Dolorum alias fuga omnis eligendi soluta ut.','02:35:50','1990-03-03 06:51:35',0,'qhpfjwbeb',323,NULL,2,44),(49,'Pariatur voluptatem quibusdam consequatur quis non rerum.','01:13:18','1986-03-01 04:44:39',0,'ftbvubqag',3292,NULL,2,69),(50,'Laborum et incidunt officiis qui perferendis quos.','05:52:52','1995-12-27 00:40:06',0,'oiuwshqpz',1122,NULL,1,81),(51,'Voluptatem voluptas eveniet fugiat quo ratione soluta exercitationem i','02:26:04','1999-12-19 05:22:00',0,'aadusahuj',3449,NULL,2,96),(52,'Voluptatibus quae consequatur veniam tempore ut omnis.','07:35:05','1977-10-24 20:08:10',1,'mkpinykvn',4243,NULL,2,59),(53,'Ut voluptates labore nesciunt.','14:12:57','1972-05-29 03:38:40',1,'pdeztjthb',275,NULL,5,40),(54,'Fugit iusto doloribus beatae omnis atque error nihil.','02:54:45','1974-04-09 10:39:53',0,'ehlsfelau',3578,NULL,4,72),(55,'Quas veritatis occaecati repellat.','19:34:22','2016-06-06 08:01:27',0,'lljstceof',2617,NULL,5,17),(56,'Labore voluptas id consequatur asperiores occaecati.','21:43:46','1998-12-01 19:32:33',0,'jnmrniyxo',3669,NULL,2,70),(57,'Rerum ad aut odio qui explicabo ipsam aut.','05:58:00','2011-06-29 08:29:45',0,'necdtnwoc',3835,NULL,3,64),(58,'Blanditiis eum itaque reiciendis sint.','15:25:07','2004-08-13 14:51:52',0,'ctrweeqpb',1049,NULL,2,97),(59,'Non corporis nesciunt alias et.','11:48:37','2018-02-16 18:57:30',0,'ujjmuoemq',1857,NULL,4,69),(60,'Voluptatum voluptate numquam ut vitae sed.','15:35:50','1983-12-20 05:44:28',1,'kjfabdjcg',1734,NULL,5,84),(61,'Corrupti qui nam natus accusamus eius.','06:39:11','2011-11-03 18:04:49',0,'mfwvrxdor',836,NULL,2,6),(62,'Qui voluptate quis libero.','02:52:58','2000-12-12 21:20:22',0,'wamqjtdob',2839,NULL,3,32),(63,'Voluptatibus illum officiis magni ea optio voluptatem eligendi.','11:24:29','2019-10-09 21:41:53',1,'umjqqsyhb',4325,NULL,4,87),(64,'Voluptatem est facilis suscipit ullam tenetur qui.','23:21:02','1976-04-13 00:20:42',1,'eautbrflu',2596,NULL,4,15),(65,'Neque consequatur velit autem dolorem.','15:48:05','1973-01-22 21:31:27',1,'ajzssrzye',1373,NULL,3,80),(66,'Quis et rerum voluptas amet provident dolorem tempora.','06:39:25','1986-06-19 23:46:44',1,'krjkfmnyx',1688,NULL,5,92),(67,'Assumenda dolores vel est sed dolorem qui.','21:28:54','2011-05-10 10:54:46',1,'jspntjjwv',3794,NULL,4,32),(68,'Fugit totam incidunt quia enim vel animi.','13:06:01','2008-01-09 15:34:59',0,'ibjoebpjq',3304,NULL,3,69),(69,'Sapiente excepturi commodi aliquam modi sint.','05:31:53','1988-10-10 10:51:21',0,'jwmkaiidp',2665,NULL,4,13),(70,'Est facilis voluptas minima tempora.','18:15:21','1972-03-11 17:12:08',1,'epyadkflp',1822,NULL,2,68),(71,'Nostrum sint rerum dolorem voluptatem.','21:03:27','2014-12-08 13:15:15',0,'gxwwgmynt',3941,NULL,2,79),(72,'Aut enim consequatur omnis voluptate molestias quidem suscipit.','15:54:41','2020-04-01 23:15:20',0,'qgcswarbd',2109,NULL,2,80),(73,'Ipsum et saepe et voluptas earum fuga.','09:37:54','1998-01-06 13:00:39',0,'xhkkowenq',4951,NULL,3,75),(74,'At modi asperiores qui dolorem aut.','17:03:59','1981-01-11 22:33:58',1,'kuezlowgz',1739,NULL,4,6),(75,'Veniam accusantium rem facilis optio autem.','03:43:10','1975-02-08 21:52:13',0,'gqrgtbesc',401,NULL,3,67),(76,'Repudiandae voluptas beatae iure.','12:09:35','1994-02-07 04:39:55',0,'ptgpwkwnm',186,NULL,5,83),(77,'Omnis modi incidunt sint in quas.','03:56:30','2006-12-10 19:10:47',1,'dugysggmq',2766,NULL,4,43),(78,'Deleniti reprehenderit voluptatum nisi magni.','23:10:51','1977-12-09 02:45:44',1,'wmidkuwhy',2358,NULL,1,51),(79,'Voluptatem sequi rerum temporibus ea voluptas.','00:48:21','2019-03-11 02:38:06',0,'kannrexrj',1401,NULL,2,89),(80,'Ipsa soluta voluptas laboriosam maxime.','21:58:25','2016-09-16 14:31:10',0,'ainfmumvv',3447,NULL,4,86),(81,'Expedita quia repellat eum quasi enim sint voluptatibus quo.','10:37:05','2014-10-12 08:03:11',0,'mbspuxnhk',4710,NULL,4,61),(82,'At qui et vero perspiciatis libero modi sed.','05:49:58','1998-07-25 16:07:37',0,'anndidnze',4717,NULL,4,44),(83,'Adipisci laborum ut aut impedit.','17:50:13','1972-05-08 06:10:19',1,'ezjmhjicx',2454,NULL,5,26),(84,'Dolore recusandae rerum et maiores.','06:21:18','1989-10-22 02:48:15',0,'hogrjesiv',4084,NULL,1,64),(85,'Molestiae qui sed cumque consequuntur sed.','18:23:53','2007-09-25 07:37:37',1,'zexzfsayi',1267,NULL,2,52),(86,'Tenetur quia eaque quisquam error.','01:08:29','2013-09-25 20:51:31',0,'cfgrfpnil',4612,NULL,2,68),(87,'Et itaque cumque hic voluptatem.','11:28:25','2014-02-03 15:53:05',0,'qaozzyhjq',3225,NULL,2,68),(88,'Nisi qui corrupti facere aspernatur.','22:23:58','1976-10-14 07:12:53',1,'fxhgrzgov',3112,NULL,3,72),(89,'Quis ut animi omnis velit nostrum qui.','05:04:24','1976-03-19 06:00:06',0,'dkaeepqke',4053,NULL,3,24),(90,'Dolorem doloremque ratione explicabo placeat et et qui.','03:41:48','1976-11-18 00:12:58',1,'ydqskjzfl',261,NULL,4,84),(91,'Sit provident maxime voluptatem tenetur corporis aut.','02:33:25','2004-04-12 12:39:32',0,'vgbylctgl',2169,NULL,5,67),(92,'Vero at temporibus laboriosam.','10:23:26','2013-03-15 00:17:57',1,'mknvztujq',4590,NULL,4,62),(93,'Sapiente aperiam aspernatur non officiis recusandae laboriosam.','18:08:07','2008-02-14 19:59:38',0,'kpxplbcqz',2156,NULL,1,80),(94,'Et maxime ut iste aspernatur.','11:37:43','1970-08-29 01:32:25',1,'vsanebpmd',2015,NULL,1,40),(95,'Magni ad molestiae soluta.','08:17:18','1981-11-17 02:22:33',1,'tvrnmvubt',3569,NULL,4,77),(96,'Qui rerum reprehenderit est natus.','16:46:14','1991-10-11 06:34:33',1,'uvywoaxid',1223,NULL,2,37),(97,'Qui odio et porro temporibus praesentium aut.','03:10:11','1997-01-02 05:33:05',0,'ezrwroyno',3978,NULL,2,2),(98,'Voluptas repellendus et non commodi earum.','01:04:30','1995-04-20 01:47:59',0,'andfzraon',2892,NULL,5,30),(99,'Est a dolorum accusantium illum a molestias.','11:43:55','1989-09-08 10:55:16',1,'atzvogbts',3694,NULL,2,92),(100,'Eum doloribus voluptas ut molestiae.','22:43:11','2004-03-13 18:07:39',0,'vijlecflg',3191,NULL,5,66),(101,'At saepe aut illum.','21:29:27','1976-01-29 12:15:01',0,'epsckuufm',4113,NULL,3,24),(102,'Voluptatibus eum perferendis autem ipsum rerum.','23:52:37','1990-11-21 23:42:41',1,'lgpdlndna',106,NULL,2,73),(103,'Ratione expedita magni qui autem iste non non.','04:21:20','1996-10-28 15:44:37',0,'ztntrdndk',3635,NULL,5,80),(104,'Magnam et aspernatur dolor qui.','14:41:29','2020-06-24 23:29:34',1,'eqbjujekd',4285,NULL,3,33),(105,'Quia est possimus aut perspiciatis accusantium laboriosam.','20:00:02','1981-06-15 20:14:27',1,'scvqkxddq',2141,NULL,1,22),(106,'Et sequi aliquam ducimus soluta qui aut.','02:06:47','2011-10-28 00:26:48',0,'dvdbnfxns',2826,NULL,1,93),(107,'Neque et soluta ex cupiditate vitae doloribus.','18:41:56','1975-07-04 16:31:53',0,'cpaopwxzo',2706,NULL,5,82),(108,'Non quia dolorem velit adipisci molestiae quae.','04:52:45','2005-08-30 08:41:16',0,'nsqwwwgky',960,NULL,3,99),(109,'Perspiciatis impedit sit rem quos.','05:18:51','1997-04-06 04:30:26',1,'qvmpwzsth',4233,NULL,4,67),(110,'Ipsum voluptas pariatur omnis quo.','05:04:20','1994-06-03 20:43:15',1,'uxirzkmqo',1780,NULL,2,31),(111,'Et veritatis delectus aut harum inventore.','06:39:28','1981-06-27 09:10:17',0,'tnniumvmi',3945,NULL,3,63),(112,'Repellendus deleniti labore cumque soluta dicta omnis autem.','18:18:41','1971-02-16 05:53:55',0,'foeicjgva',3475,NULL,4,81),(113,'Omnis autem eius omnis et omnis voluptatem.','06:50:30','1977-05-19 17:01:49',0,'ifiwwlehw',1848,NULL,4,48),(114,'Ab tenetur est molestias.','05:22:27','1998-06-22 12:20:02',0,'utcouarxp',4632,NULL,1,91),(115,'Est iusto velit accusantium occaecati non recusandae.','11:24:43','1977-01-01 06:02:45',0,'cpxsmajuv',3868,NULL,2,4),(116,'Quia commodi et perferendis illum odio nesciunt quia.','07:44:09','1988-05-29 14:04:11',0,'sptevjdrn',4633,NULL,3,83),(117,'Porro commodi dolore vel.','10:50:15','1983-09-23 03:36:47',0,'phahabmnp',1164,NULL,2,89),(118,'Dignissimos nostrum hic quas maiores tempore quis dolores minus.','18:55:35','1993-07-29 08:43:17',1,'fdqtwrkvf',1280,NULL,3,19),(119,'Temporibus et et cum nostrum error quis.','14:20:32','2018-09-14 14:12:33',1,'ysvpqcwyg',3999,NULL,4,100),(120,'Non ut sit voluptates et.','09:14:19','1994-07-11 15:14:17',0,'vpcmhgrlv',1125,NULL,3,72),(121,'Inventore consequatur aut eveniet dolore.','18:07:33','2003-11-26 14:10:02',1,'sfxvnxnou',2940,NULL,2,67),(122,'Doloribus velit ea in tempora.','13:00:12','1999-12-06 13:31:49',1,'qvpdbmkpo',2351,NULL,4,11),(123,'Quas exercitationem eum ipsam distinctio voluptatibus nemo delectus re','19:47:01','1983-12-28 11:21:45',0,'pzkfcrrtv',2359,NULL,3,19),(124,'Sit placeat dolorum velit quasi commodi aut.','20:23:24','1991-11-18 10:18:44',0,'raifcubdf',970,NULL,1,11),(125,'Necessitatibus explicabo nesciunt provident iure amet velit nostrum.','03:41:22','1976-11-13 19:05:39',0,'lojotxrrh',3510,NULL,5,47),(126,'Ut et consequatur culpa rerum sequi temporibus.','21:34:38','1988-09-19 16:28:41',1,'dwvvjfuau',2691,NULL,3,29),(127,'Ut qui facilis aut saepe sit vero laudantium.','11:53:02','1982-11-24 22:31:09',1,'tsjkpegoq',4724,NULL,1,9),(128,'Nihil blanditiis quia odit.','17:15:01','2015-03-07 15:04:49',0,'ymnirrwrq',147,NULL,1,73),(129,'Tenetur aut perspiciatis unde fugiat a.','22:55:29','1987-09-10 23:56:15',1,'oyylvcrde',658,NULL,3,19),(130,'Sunt molestiae dolores quasi voluptas quisquam.','18:47:54','2013-11-18 22:33:47',0,'npbjoxvch',1011,NULL,4,97),(131,'Dignissimos velit ipsam vel fuga voluptatum debitis quia voluptatem.','12:17:42','2002-12-04 08:39:37',0,'fdhjxigfd',3741,NULL,2,19),(132,'Adipisci ea hic quo et deserunt aut et aut.','07:50:59','1970-09-16 21:32:08',0,'vztnxnrma',1229,NULL,4,50),(133,'Rerum temporibus unde sint nemo et velit nam.','19:50:41','2004-11-12 03:23:11',0,'rgkzqtplo',915,NULL,1,34),(134,'Nemo iure dolores aperiam placeat.','09:16:28','2018-06-01 03:35:37',0,'ptsvlypfe',1050,NULL,4,75),(135,'Aspernatur corporis omnis accusantium architecto aut.','13:58:36','2007-03-17 04:40:30',0,'hvvwmybgm',3743,NULL,2,19),(136,'Libero ad exercitationem atque praesentium voluptates et.','21:50:22','1995-05-28 06:14:32',0,'utfxvscuu',3026,NULL,3,55),(137,'Repellendus quo laudantium labore maiores.','15:09:05','1994-11-26 19:02:50',0,'gkwhosgci',3144,NULL,5,11),(138,'Beatae aut sit ullam quidem.','21:59:06','1988-03-08 07:24:45',0,'orbyuwhri',3014,NULL,4,35),(139,'Consequatur adipisci modi incidunt harum quia debitis doloribus.','15:14:58','2004-09-30 09:53:59',1,'vwrvbmgmv',3612,NULL,2,74),(140,'Exercitationem aspernatur quis dolorum quos.','21:20:11','1978-06-11 18:33:40',0,'lmatanxgu',272,NULL,3,14),(141,'Minima assumenda hic ut iste.','10:37:35','1979-05-20 00:53:38',0,'fstwyzilp',2326,NULL,1,86),(142,'Beatae illum et omnis sapiente rerum.','02:46:43','2004-01-10 00:27:49',1,'ictjcimgi',3756,NULL,3,28),(143,'Recusandae itaque perspiciatis in qui.','09:06:25','1982-12-07 08:08:29',1,'igmaiubiz',1776,NULL,5,51),(144,'Aut ipsa ea tempore eaque in quod.','16:34:51','1991-07-17 21:26:58',0,'rioglaqpv',2066,NULL,5,51),(145,'Omnis debitis et laudantium aut fuga.','21:04:54','1980-03-30 07:22:34',1,'kcvtuypuq',4070,NULL,4,63),(146,'Inventore asperiores voluptates et.','13:22:14','2000-03-04 16:36:34',0,'hhybcmfzc',2889,NULL,3,92),(147,'Modi odit nostrum ratione harum.','22:14:48','1980-06-12 02:46:09',0,'kyrrntjnh',2494,NULL,5,26),(148,'Atque nostrum labore laboriosam voluptas ipsum.','10:51:39','2014-10-07 19:02:39',0,'eqdhitkzf',2592,NULL,3,88),(149,'Voluptatem hic sit quo quia quas voluptas aspernatur hic.','15:13:17','1970-02-17 12:21:25',1,'qswexrbub',3890,NULL,3,10),(150,'Sit ex reprehenderit cum consequuntur est consequuntur magni.','01:58:36','2015-06-18 13:50:44',0,'qemtxtmok',601,NULL,4,93),(151,'Unde eum assumenda porro deleniti nihil nihil qui.','14:22:57','1984-11-13 19:52:18',1,'escsfkria',3907,NULL,2,8),(152,'Est beatae consequatur ducimus et.','19:28:46','1998-01-27 01:16:04',0,'etvfaoesa',1523,NULL,3,15),(153,'Optio accusamus eius voluptatem fugit quo quo.','20:36:38','1995-07-23 03:27:20',1,'tbdacmfml',3622,NULL,1,12),(154,'Voluptates quia voluptate sed non quo voluptates dolorem.','23:21:07','1979-12-13 19:18:01',0,'jusuayfkw',2378,NULL,3,47),(155,'Quibusdam quas ex repellendus saepe explicabo.','06:33:27','2009-11-18 13:52:18',1,'xdvpbtvua',559,NULL,5,94),(156,'In perferendis modi perspiciatis in voluptatem.','23:32:50','1985-07-24 00:33:31',1,'ycsnxazru',368,NULL,4,4),(157,'Et in accusantium quia a.','12:08:50','1982-01-01 07:40:12',1,'rszdamkou',2471,NULL,4,3),(158,'Fugiat velit enim exercitationem beatae vel quos non deserunt.','14:34:26','2001-12-16 14:21:12',0,'xlhpnpqxk',2345,NULL,2,73),(159,'Quisquam quo laborum iusto neque.','03:28:00','1973-09-23 15:54:21',1,'evyqdzqdo',3966,NULL,3,32),(160,'Non ut ut rerum et sunt placeat.','21:38:39','1984-06-25 04:23:12',1,'bxtlyxzxt',3563,NULL,2,23),(161,'Enim minima unde est facilis reiciendis aperiam.','18:27:50','2020-09-05 16:19:16',0,'tazrbxqhn',4504,NULL,5,70),(162,'Officia optio autem dolore illum sequi nam dicta quos.','17:05:16','2012-11-25 06:27:31',0,'qcwhruczc',2883,NULL,1,75),(163,'Natus exercitationem autem nulla facilis quod repellendus delectus ali','18:05:18','1973-02-11 09:22:14',1,'fihkojyof',2420,NULL,5,57),(164,'Et unde nam et minus recusandae neque explicabo.','08:54:54','1972-08-26 16:50:48',0,'mxtbtrugr',2999,NULL,4,54),(165,'Rem voluptatem ipsam molestias vel voluptas.','23:07:30','2000-08-31 19:31:02',1,'jfdrwfsxn',2189,NULL,4,24),(166,'Earum id quae libero rerum accusantium est.','00:59:19','2020-08-30 14:45:25',1,'tyeiwpewx',2557,NULL,3,95),(167,'Voluptas voluptatibus ullam animi consequatur.','12:53:15','1971-12-28 23:28:18',1,'ukmuigjzi',1623,NULL,2,93),(168,'Voluptas ullam saepe qui quos.','05:06:48','1973-05-08 15:58:08',0,'paigodeve',3995,NULL,1,50),(169,'Quo velit ut quam culpa quidem quas.','10:11:56','1980-05-09 10:08:23',1,'wkvehnpvw',949,NULL,1,58),(170,'Quia accusantium omnis nulla impedit.','20:00:14','1991-09-15 12:24:41',1,'dacttyljc',3615,NULL,5,89),(171,'Laboriosam reprehenderit consequuntur nam suscipit minima et est.','16:00:47','1977-11-13 09:21:54',1,'jnfdbrshp',330,NULL,3,58),(172,'Fugit ipsam iste dolores cum aut veritatis.','22:37:43','2009-08-05 04:37:18',0,'alrsfhtvr',4598,NULL,5,30),(173,'Eos earum qui vitae cupiditate fugit.','00:45:39','1981-02-11 10:22:46',0,'idwakwvol',364,NULL,4,25),(174,'Dolorum odio consequatur beatae ad.','08:11:15','1994-06-13 22:49:44',0,'qikmdlzlm',4049,NULL,1,14),(175,'Repellat et libero reprehenderit.','22:26:41','1972-05-27 14:56:56',0,'sbgwbsimj',1309,NULL,3,26),(176,'Incidunt qui ad et aut aut.','09:25:05','1993-03-22 08:44:16',0,'uentkcqbu',4740,NULL,2,51),(177,'Et ut fuga eius nulla.','16:11:11','1985-01-20 06:27:40',1,'cduvecodi',4339,NULL,5,52),(178,'Quis accusamus qui ipsam quasi.','06:28:26','1983-07-09 02:26:56',1,'pzcjtybus',4227,NULL,2,91),(179,'Sunt eos dolore repudiandae modi deleniti autem.','23:55:56','2009-08-31 04:29:32',1,'jivcrkegg',2682,NULL,1,88),(180,'Tenetur laborum aperiam modi aut consequuntur consequuntur.','15:24:49','1978-05-15 20:24:36',1,'mqpwwjhef',3132,NULL,3,73),(181,'Natus fugit cumque ipsum quo est.','05:52:35','1999-08-28 17:07:41',1,'sufpoggdb',2658,NULL,1,91),(182,'Accusantium quasi est qui reprehenderit est.','08:14:22','2003-05-18 13:40:38',1,'zykscymcq',1446,NULL,4,43),(183,'Veritatis aperiam qui pariatur et.','13:54:04','1975-08-07 08:42:17',0,'uilpeaauw',2352,NULL,5,77),(184,'Saepe illo dolores repudiandae maiores minus consequatur.','06:14:00','1976-03-17 03:54:22',1,'gywlugewd',824,NULL,5,88),(185,'Ut mollitia perferendis sunt sit aut doloremque eum.','01:09:59','1982-10-02 11:39:44',0,'psocndadm',4986,NULL,2,89),(186,'Eligendi doloribus non numquam impedit aut vel molestiae saepe.','02:04:47','1971-08-02 14:55:59',1,'brepczswj',1887,NULL,4,85),(187,'Est blanditiis est voluptas nihil et ut.','23:56:55','1980-05-16 13:57:45',1,'ytpmkpsid',829,NULL,3,69),(188,'Ullam tenetur eos molestiae ut provident cupiditate qui alias.','15:34:32','2017-10-24 00:03:04',1,'jygwcfevw',1228,NULL,1,7),(189,'Aut et tempore occaecati repudiandae aut.','22:53:40','1981-06-24 12:48:13',0,'vhttbrcuk',2058,NULL,5,17),(190,'Ut quo delectus voluptatibus et asperiores.','02:18:08','1989-08-14 20:05:14',1,'cbldrghpm',2781,NULL,1,49),(191,'Voluptatibus porro modi consequatur ullam beatae dolorem.','22:20:57','1991-10-04 17:02:53',0,'rqklsaxsp',3434,NULL,3,57),(192,'Vel quo sit optio corrupti.','05:54:00','1982-01-14 01:03:35',0,'ewmcarruy',1950,NULL,5,39),(193,'At similique consequatur quod et atque et minima voluptatem.','01:25:33','2018-11-04 12:12:18',0,'yhysewrsg',4724,NULL,1,25),(194,'Mollitia quia cum est voluptatibus animi vel commodi aut.','11:50:49','2020-06-05 16:56:22',1,'nwntxlacr',4368,NULL,2,15),(195,'Dolores aspernatur suscipit iste non sequi non eveniet.','12:57:44','2004-09-01 13:34:46',0,'qsumxotpq',2360,NULL,1,74),(196,'Libero earum perferendis voluptatem laboriosam non rerum.','13:15:45','1976-08-11 20:37:40',1,'hhtlbdnfr',1817,NULL,5,23),(197,'Dolorum ut voluptatem rerum velit molestiae.','01:39:36','1988-07-22 13:03:50',1,'ffmgnegnd',2606,NULL,4,55),(198,'Occaecati alias sed et accusantium.','07:37:47','1987-05-04 21:51:53',0,'ehuismbui',1966,NULL,4,48),(199,'Eveniet inventore earum facilis porro eveniet sequi.','14:29:58','2019-06-16 06:30:30',1,'dlblgkpqu',4532,NULL,2,58),(200,'Distinctio quia ut aut qui nam.','02:50:11','1993-03-02 09:31:11',0,'yzocrxzij',1953,NULL,2,66),(201,'Pariatur est nihil delectus ea quod incidunt ratione.','12:42:21','2012-08-24 12:56:13',0,'hxnjtpxnh',1081,NULL,3,11),(202,'Voluptatem impedit facere omnis eligendi ipsam.','08:26:41','2002-06-20 07:13:29',0,'wleltggyp',2572,NULL,3,92),(203,'Perspiciatis blanditiis quisquam reiciendis quia.','03:30:20','2009-07-01 00:34:03',0,'trtepmvle',3520,NULL,4,64),(204,'Fugit doloremque consequatur et quas aut.','03:15:35','1989-01-19 18:07:48',0,'zymfwtzqd',1096,NULL,5,72),(205,'Quia consequatur nihil beatae sed recusandae dolore.','19:15:38','1981-09-02 22:25:53',0,'bsungoklj',1873,NULL,4,18),(206,'Cumque accusantium explicabo aut et sit sed.','22:31:16','1999-03-08 05:06:07',1,'eowykflgr',4106,NULL,2,23),(207,'Expedita et sapiente neque qui eius soluta corrupti.','01:00:46','1985-09-30 10:47:51',1,'kwdrgjcax',162,NULL,4,20),(208,'Quis voluptatem quasi iure quia.','11:56:43','2008-11-03 09:51:01',0,'ridfudtgf',1659,NULL,4,82),(209,'Distinctio magnam corrupti enim ea dolores.','09:10:00','1999-04-12 14:23:06',1,'pcfumrfhv',658,NULL,3,90),(210,'Occaecati ea nemo illum aspernatur.','08:19:31','2005-09-13 10:16:36',0,'ovwdmtdyi',4170,NULL,5,56),(211,'Dicta sit dolores sit est.','15:34:37','1995-09-15 06:07:52',1,'apojllmdh',1348,NULL,4,83),(212,'Voluptas tempore rerum doloremque quis ut cumque.','00:28:04','1985-07-25 09:00:34',1,'xfojgtsmm',1800,NULL,4,28),(213,'Dolor nihil aut velit molestiae.','14:35:46','1992-01-20 14:55:42',0,'ugfrldbtz',3837,NULL,2,43),(214,'Voluptas sint architecto dolorum aut dicta et.','15:11:03','1999-09-12 13:56:36',1,'almrwmqzw',4687,NULL,4,70),(215,'Eveniet dolore in sed autem rerum.','07:53:10','2020-08-26 19:16:50',1,'gbclmwawd',1933,NULL,5,10),(216,'Rem nemo provident numquam magni.','17:51:16','1987-07-26 21:16:30',0,'rrvcqpmrp',798,NULL,2,46),(217,'Rerum ut dolores vero exercitationem labore.','04:28:11','2008-05-30 08:18:43',0,'jheulzdqn',1717,NULL,1,84),(218,'Repudiandae est ex et velit ratione eum ut.','23:26:38','1977-03-09 08:35:52',0,'duenfqbkf',3424,NULL,2,98),(219,'Totam quis nulla mollitia porro.','06:14:57','2020-09-27 04:53:44',0,'tixpyptxf',3146,NULL,3,35),(220,'Adipisci sit eaque quas aut veritatis distinctio quia velit.','01:07:42','1999-12-15 20:46:51',1,'cjptuxpin',2587,NULL,4,27),(221,'Ipsam neque ducimus ex aut voluptas quas sit.','16:20:15','2015-04-14 18:28:46',1,'ooczybqlw',578,NULL,3,90),(222,'Recusandae et quaerat sed ea minima tempora.','08:40:17','2007-12-20 02:04:23',1,'ovpngxzkv',2744,NULL,3,27),(223,'Ab assumenda provident aut sapiente et labore.','20:59:58','1991-04-16 09:28:35',1,'awejhlxre',2500,NULL,1,10),(224,'Unde qui voluptates nihil aut qui aspernatur.','14:10:14','1994-03-18 16:44:15',0,'xwcphqfot',153,NULL,1,53),(225,'Quia eos quia rerum et.','10:07:25','1983-01-15 09:21:14',0,'ubxofzydw',3926,NULL,5,3),(226,'Consectetur sed sit ut aperiam ut quibusdam odit.','21:53:14','1991-10-17 19:20:08',1,'uyosckmgb',4147,NULL,1,63),(227,'Alias ut et voluptas sed vitae et.','03:18:40','2005-02-24 01:59:51',0,'xneutggnj',4577,NULL,5,86),(228,'Nostrum rerum hic distinctio eos aut iusto fugit.','06:34:08','1992-09-19 18:54:31',1,'yzrwfjlmv',1327,NULL,5,24),(229,'Repellat voluptas voluptas tempore quasi non voluptate aut.','19:01:11','1990-01-12 01:59:45',0,'essiykacv',2890,NULL,2,65),(230,'Commodi saepe quidem quis quo reprehenderit et.','16:08:03','2020-04-27 16:53:51',1,'roqvafmox',1945,NULL,5,27),(231,'Et dolor molestias nam ut.','17:26:19','1986-02-07 08:26:32',0,'dntdmcocz',2304,NULL,4,27),(232,'Veritatis impedit sapiente est consectetur.','09:22:29','2002-01-07 02:59:55',1,'kqoqygfmx',1394,NULL,4,93),(233,'Quia qui et est rem perspiciatis sit culpa.','03:30:05','1981-11-02 18:27:16',1,'gvkzkhkgd',4984,NULL,1,9),(234,'Autem rem ipsam at non dolorem accusantium.','18:02:01','2001-06-30 20:49:57',0,'ojvjvlwhm',1275,NULL,5,58),(235,'Expedita facere minus id veritatis ea.','03:00:51','1977-03-02 21:04:22',1,'hpuzuihqj',4687,NULL,3,60),(236,'Sed voluptates neque occaecati maiores enim.','20:52:26','1970-01-11 15:40:36',0,'gtbqlqooj',3777,NULL,5,96),(237,'Tempora aut et quo provident quia occaecati ipsa explicabo.','10:59:56','1976-04-01 10:12:48',0,'rcsvwbbte',2728,NULL,3,34),(238,'Tempora ullam et magnam quo hic.','23:23:57','1970-06-27 16:01:33',1,'ddnzhgxex',1586,NULL,2,59),(239,'Laboriosam maxime facere et reiciendis nihil consequatur.','14:37:47','1991-10-23 00:27:36',0,'rxaxqjzyd',3810,NULL,3,30),(240,'Culpa in tempore vitae nulla fugit culpa rerum.','04:54:48','2011-12-24 18:03:06',1,'rnefnkveu',4434,NULL,1,43),(241,'Nisi inventore enim in.','02:15:48','1990-04-10 03:32:13',1,'abkmlwxbl',2392,NULL,2,20),(242,'Est aut id exercitationem omnis est ut.','20:04:52','1999-06-15 01:22:03',0,'ezpyzwupc',434,NULL,1,18),(243,'Vel consequatur ea enim dolor in veniam quasi.','05:45:53','1997-04-22 02:50:06',0,'xlqkomlsm',2222,NULL,1,94),(244,'Quasi et tempore voluptatum vitae aliquam omnis.','08:43:50','1996-11-07 19:21:29',0,'xurhgnamm',1339,NULL,3,33),(245,'Sit incidunt rem explicabo ab at animi.','01:32:17','2014-08-04 14:01:16',1,'poqqsykun',1624,NULL,3,34),(246,'Ea eveniet corporis sit quaerat et id quasi illum.','15:17:50','2000-02-27 22:01:02',0,'apmxvsphp',3105,NULL,3,31),(247,'Ex aut corporis aut tempore.','07:59:58','1986-11-02 18:08:32',1,'yvzfcsxus',1232,NULL,4,32),(248,'Eaque ea et enim corporis rem.','04:59:28','1970-09-05 01:28:05',0,'ekyrkeopi',3777,NULL,2,71),(249,'Fugit eum repellat eaque amet.','19:57:39','2008-12-28 18:38:07',0,'nhophhsht',1587,NULL,3,14),(250,'Nam illo autem nulla cupiditate nesciunt.','21:48:12','1984-10-31 20:56:50',0,'ytplxxpjz',2708,NULL,2,84),(251,'Non consequatur tempora nobis atque.','20:57:30','1975-07-25 13:24:09',0,'icrubznin',512,NULL,4,13),(252,'Odit commodi et sint incidunt nostrum.','22:26:36','2006-11-19 13:25:26',1,'uzhrrpzyp',3577,NULL,4,23),(253,'Rerum ut molestiae alias qui molestiae.','18:56:08','1997-05-23 10:06:53',1,'quejkeplj',1667,NULL,3,2),(254,'Voluptate impedit cupiditate ut officia rerum.','01:12:17','1992-07-30 06:51:20',0,'pldxmrxaz',1693,NULL,5,90),(255,'Architecto tenetur minima iusto ullam nobis facilis libero dolores.','20:55:47','2017-12-07 16:39:56',1,'cphdwjxxp',4478,NULL,2,92),(256,'Facere dolorum doloribus alias consequuntur et voluptate.','16:47:30','1980-12-11 17:20:29',0,'ydoctweec',2713,NULL,2,63),(257,'Sapiente sit maiores sed et.','13:35:53','1997-01-08 10:56:33',0,'mdbyiaano',3817,NULL,1,36),(258,'Illo consectetur natus doloremque maxime qui labore ut.','09:25:39','2005-03-11 06:52:45',0,'wtjrjukfo',4588,NULL,5,15),(259,'Voluptas deserunt accusamus aliquid ipsam a.','22:45:08','2018-04-24 17:33:38',1,'muiiewqyc',4383,NULL,2,22),(260,'Doloribus rerum nobis doloremque cupiditate amet.','22:47:55','1998-01-20 14:45:18',0,'ysoomtztq',2566,NULL,3,87),(261,'Sit dolores iure rerum.','08:38:56','2017-10-23 00:29:23',1,'cuknblcky',1870,NULL,3,7),(262,'Incidunt necessitatibus quia accusamus consequatur voluptatem aut.','23:13:07','2019-02-12 09:32:52',0,'efvtwwtam',466,NULL,1,16),(263,'Sit ipsa eum et deserunt quo.','12:07:56','2001-07-15 04:58:17',1,'helngouzl',1846,NULL,2,41),(264,'Et tenetur ullam numquam quidem doloremque iure ut qui.','16:33:58','2002-04-30 20:55:45',0,'hvuaepvun',930,NULL,5,78),(265,'Cum cumque autem possimus consequuntur.','09:07:24','1993-07-26 09:54:31',0,'dtqiqnrbj',3369,NULL,3,15),(266,'Eaque cum consequatur aperiam ut est consectetur autem.','08:57:04','1996-02-11 15:39:08',0,'qnwogaixw',3700,NULL,4,28),(267,'Sit explicabo voluptatum maiores necessitatibus et soluta.','02:02:58','1986-09-15 17:33:38',0,'vodsotpzf',1733,NULL,2,41),(268,'Velit voluptatibus rem ut quod ut quod fugit.','11:53:03','1972-08-09 08:35:03',0,'xznsllvuv',2057,NULL,3,73),(269,'Quia molestiae voluptatem eligendi consectetur nostrum et non.','03:11:43','1991-03-29 07:04:20',0,'vgfieqtqo',1330,NULL,3,30),(270,'Est sit corporis magni sed quisquam ut et.','06:24:52','1980-09-16 07:42:10',0,'dgdtxymnv',482,NULL,4,74),(271,'Fugiat enim tempore quas et rerum.','05:07:50','1981-10-06 11:18:54',0,'omjvklaas',3609,NULL,2,93),(272,'A sequi deleniti sequi labore nesciunt impedit.','04:37:22','2009-04-07 04:56:21',0,'sehstccea',1133,NULL,2,32),(273,'Autem nihil qui natus explicabo doloremque itaque sint.','15:40:30','1987-10-09 17:53:34',0,'kjeeukslp',794,NULL,2,17),(274,'Porro earum quis necessitatibus id.','22:11:25','2006-10-23 01:34:05',0,'jtnaztfeb',3437,NULL,3,58),(275,'Recusandae nostrum non eligendi sed.','05:01:30','2000-05-10 07:59:48',0,'tvttpdkbb',3941,NULL,2,94),(276,'Minima reprehenderit voluptate nobis odio quae non voluptatem.','16:37:46','1988-03-30 20:53:35',1,'jdablxlvn',4706,NULL,3,93),(277,'Rerum et quisquam provident quae fuga maiores.','20:51:39','1977-10-23 04:37:30',0,'mviiiphrr',3503,NULL,5,62),(278,'Voluptatem quo sunt iure commodi ut odio fugiat.','11:41:57','2002-01-19 02:15:32',1,'jkvnzcqhz',3028,NULL,1,38),(279,'Dolorem earum blanditiis sed iusto ea sapiente eos vel.','04:44:11','1978-05-09 11:41:05',0,'tsmsawopi',569,NULL,1,95),(280,'Consequuntur unde possimus minus error.','07:22:06','2003-11-20 08:46:23',0,'mzjjsolhu',1218,NULL,1,58),(281,'Aliquid sunt aut est dolorum est veritatis ut.','10:48:55','1973-03-04 11:58:32',0,'uauuoruet',2348,NULL,1,76),(282,'Dicta repudiandae ducimus aliquam accusantium repudiandae et error.','15:32:53','2001-07-11 05:27:06',0,'dymtknaus',3035,NULL,5,37),(283,'Dolorem culpa doloremque molestias nobis asperiores architecto.','10:27:22','1999-09-17 04:57:30',1,'hoeqrjjxo',3734,NULL,1,35),(284,'Atque delectus non voluptates iure.','19:32:05','1973-06-21 22:05:27',1,'vdmwizpzc',2455,NULL,1,59),(285,'Labore illo recusandae eos unde maxime repudiandae in eveniet.','23:02:17','1979-04-09 08:58:34',0,'wpjfnliya',3995,NULL,4,71),(286,'Consectetur officia omnis explicabo a vel.','03:39:50','1984-04-25 05:44:52',0,'xkghrfsqt',2471,NULL,2,86),(287,'Voluptates nostrum sit consequatur saepe reiciendis deserunt.','16:55:35','2010-01-10 12:13:23',1,'lyeghairp',3617,NULL,4,68),(288,'Est officiis exercitationem et atque officia itaque sequi.','10:05:28','1998-04-12 08:35:04',1,'dpeqdyofs',4035,NULL,1,93),(289,'Est rerum et repellendus aut unde excepturi optio.','03:17:40','1997-10-04 04:02:32',1,'rgwblujww',2134,NULL,5,64),(290,'Numquam possimus beatae corrupti.','20:52:56','1980-05-26 09:32:10',1,'lzjqjvycp',393,NULL,3,22),(291,'Nostrum ut et dicta qui et fuga non.','21:44:44','2008-12-28 14:15:04',1,'xolvjbhta',3528,NULL,3,95),(292,'Necessitatibus eaque tempora repellendus placeat.','02:08:41','2008-11-14 08:43:40',0,'jxslvgazw',731,NULL,1,57),(293,'Aut ab reiciendis laudantium consectetur qui iste.','03:48:11','2014-06-23 04:32:20',1,'rqnopehdk',4325,NULL,3,23),(294,'Veritatis repellat aut placeat doloribus neque incidunt non optio.','23:25:27','2019-07-10 12:07:11',1,'fyarwpwqm',424,NULL,5,59),(295,'Accusamus saepe incidunt voluptas autem.','16:31:04','2020-07-12 23:56:51',1,'echbejdlb',3688,NULL,1,9),(296,'Facere accusamus et voluptas sed voluptatem vel.','05:27:59','1988-08-13 14:06:29',1,'upaaiewbr',588,NULL,1,27),(297,'Sit ad unde ut sit.','09:39:31','1978-10-14 14:04:15',1,'lfuunlwxn',4180,NULL,5,1),(298,'Odit earum voluptas laborum.','20:31:32','1971-09-02 02:25:22',1,'sdxnawusg',3517,NULL,4,1),(299,'Dolores ab rerum sed soluta ut voluptas ut.','05:41:56','2010-03-06 11:24:07',1,'jrgpceioh',1404,NULL,2,73),(300,'Laudantium consectetur qui aut dolores veniam.','20:04:42','1989-05-22 11:19:39',0,'bedullrxc',3947,NULL,3,100),(301,'Aut ut molestias molestiae consequatur accusantium et atque.','04:25:26','1985-09-07 08:38:10',1,'zlsblefky',1328,NULL,3,92),(302,'Provident aliquid velit omnis sunt et tenetur reiciendis dignissimos.','11:43:35','1988-02-29 04:29:03',1,'hjqvvtnyr',1848,NULL,5,8),(303,'Quam voluptates eum officia qui maiores.','01:38:56','1987-08-14 20:05:17',1,'sdrucreth',4096,NULL,3,2),(304,'Rerum vel ratione ut qui rerum aut sit.','18:59:20','2003-08-21 09:14:26',1,'kzcwrllkh',2938,NULL,5,43),(305,'Quis suscipit tempora non nisi voluptatum voluptatem aspernatur.','03:35:27','2008-04-25 16:13:12',0,'jvvsdnbaw',1824,NULL,4,50),(306,'Dolor dolor et aut repellendus vero.','19:12:48','2015-05-28 20:45:27',0,'wyyabdnyz',2094,NULL,4,23),(307,'Sit ducimus omnis est excepturi accusamus quasi et.','15:22:00','1970-04-26 06:15:47',0,'bsgoiqafa',183,NULL,3,78),(308,'Eligendi voluptas dolor non illo ad inventore.','10:03:54','2013-07-16 20:10:13',1,'badytkbnp',4932,NULL,4,100),(309,'Aut id omnis atque voluptatem officia aut id.','00:35:33','1979-03-20 09:32:03',0,'hjomdsnkl',3543,NULL,5,74),(310,'Illo odio corrupti dolor voluptas.','20:03:41','1993-12-08 10:59:07',0,'gozxrdyvz',2562,NULL,3,18),(311,'Dolore sequi facilis est reprehenderit.','14:31:31','1972-06-02 17:10:46',0,'vlbevdvts',342,NULL,5,74),(312,'Accusamus necessitatibus nisi consequatur.','10:45:09','1988-09-16 04:08:54',0,'uwqwpoyea',1871,NULL,3,68),(313,'Quibusdam ut voluptates perspiciatis eos eaque atque cum.','03:50:02','2016-05-13 05:53:57',0,'xvtbvvlhm',4322,NULL,4,8),(314,'Veniam eum reiciendis molestiae sapiente impedit sit.','17:56:48','1992-05-21 15:55:17',0,'lwcuprhid',4034,NULL,4,9),(315,'Omnis rerum quia et quia dolor.','04:46:49','2010-11-04 00:33:13',1,'dvktexfvh',2549,NULL,5,28),(316,'Inventore quae sequi quo dolorem delectus aut accusantium et.','23:56:18','1982-03-29 07:28:20',1,'jczxnidyh',3620,NULL,1,24),(317,'Sed odit voluptatem optio voluptates voluptatem ad repellendus qui.','11:39:46','2015-12-10 12:49:15',1,'iyanounkb',1535,NULL,1,93),(318,'Tempore laudantium iusto quo vitae id inventore.','08:00:25','2009-08-21 21:15:53',0,'hsmcivmvk',3718,NULL,2,79),(319,'Nam eius placeat exercitationem eos dolore ipsam sequi.','14:24:10','2002-05-13 08:34:24',0,'rkdhdqdvx',3830,NULL,5,31),(320,'Doloremque molestiae ut et non facere provident et.','05:45:14','1997-05-17 20:31:44',0,'xjpzmgwot',1226,NULL,2,61),(321,'Laboriosam voluptate laborum recusandae consequatur consequatur.','00:02:48','2017-10-19 21:32:13',0,'kxakhwtil',4532,NULL,4,85),(322,'Magni dolorem culpa non eos numquam sed quaerat.','09:45:28','1987-01-17 14:18:07',1,'taialewur',271,NULL,5,23),(323,'Distinctio dolorem libero iste voluptas.','15:22:45','1976-11-30 22:45:57',0,'pcotwqkae',1364,NULL,4,63),(324,'In est eligendi corporis et possimus aspernatur.','23:44:41','1977-12-26 04:47:37',0,'hbwyqltxs',239,NULL,2,62),(325,'Et eos tempora quidem quisquam.','07:04:09','1989-01-17 12:54:27',0,'ocbobqepo',2892,NULL,2,80),(326,'Ut voluptatem nemo eligendi debitis neque incidunt est.','15:31:45','1987-10-01 16:45:12',0,'ckiqfxtwx',3984,NULL,4,20),(327,'Suscipit id et nam consectetur sit.','18:02:19','1982-01-26 00:42:27',1,'uiatqvetr',2530,NULL,3,23),(328,'Nemo assumenda vitae laboriosam.','00:49:21','1974-05-12 07:31:13',1,'motumlgxf',2649,NULL,5,28),(329,'Ea neque ullam voluptatem maxime.','00:17:23','2000-04-15 04:46:24',0,'ltkgygttp',663,NULL,2,55),(330,'Eos in omnis dolorum nisi ea.','17:20:35','1997-10-30 12:13:59',0,'chnaolydl',2163,NULL,2,11),(331,'Assumenda laborum quae natus cumque.','08:18:04','1981-10-25 04:41:39',0,'rtrwgxtgx',365,NULL,5,45),(332,'Autem perferendis nisi quod sed.','20:47:32','2017-06-26 12:30:13',1,'iwxbolvdr',4913,NULL,2,2),(333,'Recusandae eius autem magni odio.','21:26:49','1988-09-05 05:00:00',1,'srhvqwnna',2798,NULL,2,65),(334,'Ducimus at omnis vitae aliquid.','07:12:56','1985-06-15 03:54:44',1,'pkxxgsocd',3619,NULL,5,32),(335,'Est provident nobis rem natus dolor quidem.','22:52:11','2016-07-03 12:37:15',1,'vbzticrww',4734,NULL,5,1),(336,'At ducimus voluptatem fugiat est et cum ab.','01:09:56','2016-12-30 12:34:57',0,'txlphrzno',2221,NULL,5,75),(337,'Dolorum iure consectetur cumque tenetur qui est doloremque aut.','09:24:41','2009-04-24 22:26:50',1,'dyeymxpvr',996,NULL,5,75),(338,'Fugiat molestias vitae eos quasi.','01:41:22','2010-11-09 00:23:39',1,'zikbnhhjf',4799,NULL,5,47),(339,'Sed quae natus blanditiis ullam.','11:32:51','1984-01-17 23:34:29',0,'pushuohaz',1277,NULL,2,20),(340,'Facere quibusdam deleniti est et ea.','16:04:25','2007-01-03 23:39:40',1,'gjrhqfudz',3083,NULL,1,74),(341,'Eum est enim est unde.','09:20:46','2014-06-29 16:12:12',0,'mwoiheiwx',4443,NULL,5,87),(342,'Libero esse ad doloremque voluptatem impedit.','00:40:30','2019-09-29 12:32:57',1,'ekluchozj',2879,NULL,5,54),(343,'Et omnis nihil maxime voluptates totam in facilis.','08:57:39','2004-05-25 13:34:53',1,'libezyyjp',3424,NULL,1,80),(344,'Aperiam quo enim natus fugit nostrum corporis vel.','11:24:33','1984-07-30 08:02:54',0,'ljyiurhtw',2627,NULL,5,41),(345,'Voluptatem veritatis tenetur incidunt.','11:32:39','1992-11-06 23:58:36',0,'cwvxojqsp',4196,NULL,2,18),(346,'Provident nisi expedita totam qui.','04:36:55','1972-10-10 08:50:16',0,'htuvejazw',3210,NULL,3,17),(347,'Officia omnis et eos aut excepturi nulla.','19:01:19','1985-03-02 09:20:14',1,'utzobnjag',3678,NULL,4,85),(348,'Non totam dolorem quia perferendis.','18:34:45','1995-01-28 04:30:14',1,'dyhxlfxpr',1550,NULL,1,100),(349,'Nihil porro cupiditate rerum.','16:35:47','1986-12-13 17:51:12',1,'oqocckdyv',2092,NULL,3,100),(350,'Hic sunt repudiandae magnam.','13:35:24','2007-09-25 07:21:21',0,'njrvxeyeq',3878,NULL,2,46),(351,'Et excepturi fuga enim.','22:02:23','2003-10-08 23:34:28',1,'spkgsypeh',4672,NULL,5,23),(352,'Qui et omnis voluptas maiores natus autem.','11:42:07','1977-03-30 22:49:46',1,'zggzuzrfj',153,NULL,1,85),(353,'Nihil consequuntur eaque odio voluptatum repellat unde.','16:01:54','2020-02-28 12:03:06',0,'ilttgianv',2242,NULL,5,18),(354,'Natus est iusto non.','20:48:12','1985-09-23 00:11:50',1,'ofyhtksix',1721,NULL,2,35),(355,'Fugit nulla impedit est quod quas.','09:29:16','1977-04-10 06:17:38',0,'bjrtlabun',1702,NULL,2,40),(356,'Consequatur nihil atque consectetur eligendi.','01:00:59','1999-11-10 21:58:20',0,'xivrhxvvy',1722,NULL,1,38),(357,'Beatae et vero ut impedit voluptatem.','09:51:22','2015-01-29 06:22:24',0,'mhccwrise',3036,NULL,2,2),(358,'Corporis itaque voluptatem nam aut dolores illo sed.','04:57:15','2009-07-30 18:20:50',1,'kkyykrftw',625,NULL,5,37),(359,'Qui odio dolorem quo.','06:13:50','1974-11-30 15:56:01',1,'vmdqhaafm',1948,NULL,5,73),(360,'Odit molestiae voluptatem ut sunt.','20:43:57','1997-05-21 11:34:25',1,'dkrrypsyg',4283,NULL,4,16),(361,'Molestiae soluta aut repudiandae.','15:25:51','1971-11-04 06:00:38',0,'sxhywukak',1626,NULL,5,28),(362,'Rerum odio qui sed dolorum.','17:52:51','1989-08-08 04:03:00',1,'ldtwndjji',4881,NULL,2,52),(363,'Doloribus enim nesciunt vel earum molestiae neque aut.','05:13:48','1972-05-02 10:30:35',0,'xiliakpqg',778,NULL,1,52),(364,'Voluptatum cum modi esse.','02:19:35','2016-02-26 06:12:18',0,'zslnsilbd',732,NULL,3,62),(365,'Eum molestias id soluta sit et voluptatum.','18:32:23','2020-07-23 01:41:34',1,'vkkwghbau',2356,NULL,3,82),(366,'Cumque est quo voluptatibus temporibus in ut magni.','08:54:49','2013-02-05 23:34:36',0,'kkoptjrtg',2878,NULL,1,51),(367,'Quae dicta accusantium voluptatem error.','20:18:52','1971-11-19 13:12:42',1,'tcjocfuxg',733,NULL,1,27),(368,'Voluptas est itaque autem magni fuga quo molestiae.','08:16:35','2009-05-25 18:13:38',0,'ceatjrvui',1431,NULL,2,3),(369,'Qui ea cum repudiandae nulla iure in rerum.','05:23:19','1988-12-28 16:11:17',1,'subuicfly',3245,NULL,3,67),(370,'Eum quam voluptatem consequuntur eum tenetur.','17:07:20','1973-02-09 06:13:34',0,'fksvsjjgn',2840,NULL,2,83),(371,'Voluptatem molestiae nisi placeat ea.','21:41:37','1991-10-04 22:59:15',1,'blolwfhlg',3392,NULL,1,46),(372,'Placeat totam molestias et quam qui.','02:13:59','2019-11-13 21:25:04',0,'udifvsrfa',4479,NULL,2,34),(373,'Perspiciatis dolorum optio qui natus aut.','20:43:11','1997-12-31 18:25:06',0,'jpdyjlhta',3844,NULL,3,12),(374,'Facere minus dolores facilis soluta cumque.','05:39:24','1971-07-11 00:47:35',1,'vopdhllsp',786,NULL,4,29),(375,'Autem animi voluptates ipsum odio est sed.','13:50:01','2004-10-12 19:03:45',0,'avkttelzk',3817,NULL,5,47),(376,'Id ut in accusantium deleniti soluta et.','08:23:19','1981-03-20 00:02:45',0,'tzokzwmjw',1400,NULL,3,74),(377,'Aut eos natus reprehenderit hic dolorem quidem.','01:14:14','2010-12-20 14:55:12',1,'ywacfydaf',2313,NULL,4,77),(378,'Mollitia quo nesciunt animi ullam nobis.','07:57:13','2018-03-30 17:03:54',1,'mmntkgvjk',3612,NULL,2,87),(379,'Consequatur molestiae mollitia tenetur voluptas numquam quidem.','04:20:32','2009-05-08 06:01:01',1,'loihimibr',2538,NULL,2,77),(380,'Ab pariatur nesciunt et sunt.','19:13:16','1996-08-23 15:59:51',1,'sodaypftf',1121,NULL,3,78),(381,'Enim delectus eveniet sunt dolore.','01:58:35','1981-10-18 17:47:27',0,'spluvabqb',1898,NULL,3,56),(382,'Et odit fugiat laborum ipsum vitae sed non.','17:13:10','2006-03-13 01:51:53',0,'rzxftcfhw',3724,NULL,2,63),(383,'Consequatur sunt ducimus nemo magni voluptate ipsum quaerat.','14:29:39','1979-12-06 21:22:32',0,'ypmmywhqg',3565,NULL,5,64),(384,'Cum et aspernatur et.','14:02:12','1988-08-13 00:29:01',0,'uuclsencc',1563,NULL,4,27),(385,'Et est illo et repudiandae.','01:20:03','2010-01-03 16:09:25',0,'ysllaoddf',3527,NULL,2,2),(386,'Quos asperiores quidem rerum.','03:48:10','1976-04-30 15:15:30',0,'stntlwzrf',1723,NULL,1,37),(387,'Magnam voluptate et repellat tempora.','02:10:57','1973-11-28 17:19:32',1,'rtqerzuxu',4550,NULL,3,30),(388,'Officiis occaecati necessitatibus quo velit sunt eligendi at.','06:25:29','1990-10-13 12:51:41',1,'mjwokwuut',2370,NULL,4,94),(389,'Harum odio delectus eius voluptates aut sed qui.','23:25:04','1975-07-09 06:49:45',0,'rxgymgnee',4697,NULL,3,41),(390,'Et vel accusantium quos neque enim.','06:53:29','2001-11-18 18:08:01',1,'aemddeulp',3980,NULL,2,25),(391,'Iure eveniet sit facilis sit qui.','18:42:11','1971-03-05 20:41:49',1,'cghmxpzsz',2843,NULL,5,66),(392,'Nisi voluptatibus consequuntur asperiores praesentium doloribus eius m','07:59:13','1983-07-21 03:08:29',1,'kgnqbqane',3492,NULL,5,62),(393,'Eum incidunt unde est ut aliquam.','08:38:52','1972-08-08 21:16:48',0,'tcrndumcr',2277,NULL,3,24),(394,'Et sit ut omnis doloribus et similique.','17:06:37','1993-12-11 22:24:18',1,'ocycqdspi',1331,NULL,3,69),(395,'Quas cum et voluptatem quaerat dolorem.','13:37:34','2000-11-23 17:39:22',0,'nwuusypri',4897,NULL,5,97),(396,'Incidunt recusandae nisi illo odit possimus nihil.','03:09:23','1975-05-26 04:20:09',1,'bvpbinlqm',4220,NULL,3,59),(397,'Libero veniam illum est vero et.','14:38:27','1982-12-17 02:05:16',1,'ngixgvoqe',4456,NULL,3,75),(398,'Impedit nesciunt labore voluptatem pariatur et.','23:31:17','2012-09-08 17:56:36',0,'zjthroqmw',4797,NULL,2,34),(399,'Dolores quibusdam doloremque corrupti dicta facere.','17:18:53','2014-09-19 00:38:02',1,'qkjqkdkef',3034,NULL,2,86),(400,'Ex ex aut corporis qui ipsa voluptatem eum.','12:55:18','2003-05-13 16:08:49',0,'gqylgusen',3794,NULL,4,68),(401,'Ut voluptatem consequatur dolores excepturi hic sunt voluptatem.','14:10:58','1980-05-02 02:11:29',0,'itbetrcps',3350,NULL,5,70),(402,'Eveniet veritatis eos voluptas.','15:28:14','1986-07-06 21:15:59',0,'wxnqjhwke',1610,NULL,1,35),(403,'Aliquid rerum consequatur quis.','19:33:33','2011-07-15 11:24:33',1,'zgeisilbi',1116,NULL,5,76),(404,'Ut qui architecto consectetur qui minima ducimus cumque.','13:55:51','2000-04-16 06:19:38',1,'nndqybvtl',1690,NULL,2,41),(405,'Eum similique amet corporis modi rerum officiis.','07:20:14','2020-02-18 03:45:38',1,'jvezpwgtg',2310,NULL,1,50),(406,'Voluptatem quia ut et perspiciatis.','22:35:12','2019-07-05 19:20:46',0,'jbrvjdawb',938,NULL,4,4),(407,'Vitae cum molestias maxime tempore ipsam ab atque.','05:11:25','1988-01-19 11:35:52',1,'aqfcvlpeb',4638,NULL,1,64),(408,'In est sapiente aut.','12:10:05','1993-01-08 23:57:33',0,'kanqvxdvl',756,NULL,4,58),(409,'Repudiandae delectus aut animi quos hic.','04:36:18','1989-06-11 14:10:52',1,'scpommrae',2209,NULL,5,13),(410,'Quia sit placeat rerum et dolor aut error aut.','02:21:00','1999-07-31 21:07:34',0,'xeplcanlq',2884,NULL,2,87),(411,'Quae aperiam velit ex rem.','18:53:17','1993-08-22 14:33:41',0,'ekbpkgvxt',2371,NULL,1,73),(412,'Beatae quia voluptas quaerat cupiditate.','09:43:02','2019-03-05 21:37:48',1,'yngqujcvs',3864,NULL,3,60),(413,'Impedit ut occaecati libero doloremque.','12:16:26','1994-04-05 20:35:44',1,'tqavawsrj',1366,NULL,3,66),(414,'Assumenda soluta accusamus nemo aliquam.','06:57:42','2005-01-17 16:05:04',0,'giwfhlsag',471,NULL,5,85),(415,'Possimus fuga velit qui.','14:02:58','2000-09-20 22:10:34',1,'sezzkedbb',4633,NULL,3,54),(416,'Dolores est quidem itaque deserunt qui tempora sit.','11:24:42','1978-03-04 15:07:01',0,'nfsybgqdf',2756,NULL,3,39),(417,'Doloribus eius omnis harum doloremque quo debitis praesentium.','11:10:09','1987-12-29 21:34:30',0,'gtfiirhrc',2608,NULL,2,58),(418,'Voluptatem aut labore facere explicabo.','12:38:20','1983-11-14 17:39:48',1,'ppmgolfws',2555,NULL,4,22),(419,'Ut esse explicabo error dignissimos.','10:08:42','1993-09-03 10:45:47',1,'fwpnxgvqp',1774,NULL,2,1),(420,'Dolorem rem repudiandae aliquid qui.','22:38:51','1981-10-01 02:59:55',0,'uwdsmriqb',5000,NULL,4,49),(421,'Voluptatibus libero quasi blanditiis beatae consequatur eligendi.','09:04:29','1982-03-11 23:54:08',1,'tsfsgimmp',4819,NULL,3,28),(422,'Velit sapiente eum quod possimus deserunt laudantium doloremque.','19:17:44','2015-12-14 13:17:44',0,'nefuhmrpm',710,NULL,3,67),(423,'Et saepe qui consequatur exercitationem.','02:11:10','1984-08-18 22:42:33',0,'weanbccnv',4418,NULL,5,18),(424,'Explicabo autem voluptas iste quis sed.','17:24:58','1973-04-13 20:18:24',1,'lqhjlkwux',504,NULL,2,78),(425,'Distinctio et inventore et qui.','03:46:11','2018-08-24 19:34:02',1,'ycydtfstd',4270,NULL,2,50),(426,'Minus rerum voluptas non facere.','00:21:47','1988-01-23 15:31:11',0,'lgkwhmoos',1017,NULL,4,39),(427,'Numquam harum est non.','11:23:14','1981-07-24 20:17:30',0,'hvkntdjyf',4707,NULL,2,10),(428,'Repellendus quasi aliquid sint exercitationem porro quos iste hic.','09:17:36','1990-02-22 14:17:59',0,'kyudwwddp',4942,NULL,5,69),(429,'Modi quo deleniti dolorem commodi.','16:56:52','1985-07-30 11:53:55',1,'maucgsevn',146,NULL,4,92),(430,'Ducimus at fugit ipsum repellendus recusandae assumenda quis.','19:31:33','2003-08-07 22:02:08',1,'lefxcmzyb',738,NULL,3,28),(431,'Aut dolorem et recusandae et labore ex qui libero.','15:00:28','2000-02-11 04:18:35',0,'hjtvebnee',3556,NULL,3,7),(432,'Nemo id rerum aut provident mollitia quia nam sed.','21:36:55','1988-05-25 08:36:03',0,'soroitjjj',4528,NULL,4,68),(433,'Deleniti quo officia modi occaecati veniam consectetur cupiditate.','22:15:59','2017-11-09 04:06:20',1,'mpbatgnbl',4809,NULL,4,39),(434,'Eos vel delectus enim cupiditate quos veniam.','22:19:16','1972-02-12 14:23:07',1,'ocownnqod',2372,NULL,5,97),(435,'Aspernatur ex excepturi consequatur deleniti dolorem necessitatibus au','05:04:16','1986-01-11 03:01:33',1,'vhbldqvqo',2014,NULL,2,52),(436,'Voluptatum nostrum qui dolorum fugiat.','05:58:45','1980-07-03 14:39:41',0,'fviokvpte',1582,NULL,3,91),(437,'Mollitia vitae nemo eligendi vel.','21:01:54','2012-09-11 01:46:45',0,'ggytosvdr',3919,NULL,4,98),(438,'Odit voluptates natus et soluta non.','12:18:38','1977-11-30 01:30:50',1,'qotloxnkb',4424,NULL,3,70),(439,'Dolore quibusdam ut aut nihil est voluptatem sed.','13:28:47','1989-10-03 08:51:53',1,'wzwieeoqv',318,NULL,1,81),(440,'Veniam et id aperiam aut ipsa veritatis dolorem.','10:26:17','2006-03-27 01:50:51',0,'hgbtirvkv',3995,NULL,3,45),(441,'Totam autem enim autem est voluptatibus soluta id nisi.','23:30:18','1993-11-23 20:00:08',1,'nakfqyyih',4731,NULL,2,13),(442,'Maiores voluptatum ratione omnis cupiditate architecto omnis.','21:48:46','2011-10-30 23:34:46',0,'hwysaifej',2773,NULL,5,52),(443,'Qui sit et odit quia.','01:31:48','1973-04-20 07:16:08',1,'gngtwzwaj',4698,NULL,2,81),(444,'Est suscipit nihil quis qui reiciendis debitis.','03:31:17','1981-06-26 09:30:30',0,'bijoiaziv',4160,NULL,2,99),(445,'Beatae quo maiores nisi et nesciunt.','16:12:16','1983-06-18 19:44:36',0,'yagfsvksa',3163,NULL,4,75),(446,'Placeat id libero aspernatur voluptatem.','14:27:35','1989-07-27 22:46:09',0,'gzwzfoflw',3222,NULL,2,17),(447,'Fugiat ducimus iure et.','01:55:56','2010-01-30 09:00:04',0,'lthmnpmad',4453,NULL,5,92),(448,'Et voluptatem impedit sit eaque architecto.','11:00:46','2011-04-06 21:11:23',0,'xhxfavetz',1378,NULL,5,45),(449,'Soluta doloribus voluptas iure.','11:28:15','2011-08-09 12:58:22',1,'eyxcoyhkj',1937,NULL,2,74),(450,'Nisi in quis occaecati ea voluptatem dolorem esse.','16:44:33','2008-04-02 06:22:14',0,'wezfsavra',757,NULL,3,71),(451,'Et numquam hic voluptatem eos nesciunt.','01:24:54','2016-07-14 22:18:03',1,'ovjbpoggy',4576,NULL,2,86),(452,'Officiis velit provident dolor ut at.','18:21:51','2014-04-19 15:03:23',0,'toueworfm',2746,NULL,4,5),(453,'Voluptatibus ipsum autem non.','17:21:36','2010-11-05 11:28:50',0,'tuyakeczg',4639,NULL,5,19),(454,'Nostrum exercitationem sed ut voluptas voluptas.','02:10:18','1993-12-24 14:36:59',0,'ikzhneuzs',2660,NULL,4,98),(455,'Aut sunt ut dolor placeat.','23:56:52','1975-02-28 15:18:11',1,'ppdvfbuit',3583,NULL,5,22),(456,'Quos sed ea dolores ea et dolores qui cumque.','08:29:01','1974-09-04 00:42:26',0,'yrucsbgba',4287,NULL,3,30),(457,'Possimus amet sunt non recusandae ut et.','03:43:39','1979-04-07 04:52:28',1,'fhgujwhis',4693,NULL,2,25),(458,'Pariatur temporibus qui est occaecati.','19:35:22','2005-12-26 16:50:04',0,'igjpankkr',1125,NULL,5,58),(459,'Quibusdam quia est voluptatem magni ab voluptas sequi possimus.','08:16:42','1980-09-23 14:15:42',0,'oinqpenvs',3870,NULL,1,3),(460,'Doloribus voluptatibus vel voluptas qui.','15:36:39','2020-05-23 03:14:05',1,'ytlszssei',896,NULL,3,78),(461,'Recusandae ipsum beatae repellendus exercitationem.','09:03:04','1988-10-08 07:18:47',1,'ogqnnogsm',2943,NULL,4,82),(462,'Eligendi neque porro libero.','19:03:19','1980-02-20 10:48:50',0,'ivucllhjg',998,NULL,5,58),(463,'Sit id commodi cum aut quia aperiam ullam.','21:08:36','1995-06-08 14:16:17',0,'jkazuuqui',1575,NULL,4,79),(464,'Ducimus nostrum ducimus et fugiat sed.','13:06:33','2010-03-28 10:23:01',0,'cgfyvrgnc',2278,NULL,1,5),(465,'Voluptas recusandae perspiciatis facilis aut quam rerum.','19:19:38','1993-03-25 23:14:37',1,'nlpmjetmj',1396,NULL,3,42),(466,'Quo sed voluptatum omnis quia ipsum laborum adipisci aut.','18:31:44','1992-10-17 07:14:35',0,'fekhvcbrp',4171,NULL,4,78),(467,'Neque rem animi fugit.','02:25:54','2013-08-01 05:45:29',0,'xiptlitrt',3469,NULL,2,37),(468,'Repudiandae nostrum laborum minima qui nulla ex qui.','13:07:34','2005-08-15 23:50:51',1,'rbfbjafsi',1100,NULL,5,11),(469,'Repudiandae vitae totam dolor esse itaque dolores voluptatem.','23:03:42','1975-08-17 10:56:07',1,'qykibgegs',3856,NULL,3,55),(470,'Sit quasi tempora illo explicabo tempore.','01:03:09','1986-02-06 04:36:28',0,'miaddywnb',1127,NULL,1,55),(471,'Unde similique vel occaecati sint omnis ratione molestiae.','19:37:46','2006-03-11 03:20:03',0,'lzjpshbrq',147,NULL,4,51),(472,'Placeat ipsam aut tempore.','01:06:40','1991-09-04 21:50:27',1,'nmhppwdsg',1131,NULL,5,11),(473,'Laboriosam aut ut repellendus qui beatae et illum.','20:59:52','1983-09-04 13:45:14',1,'sxklbbybv',3008,NULL,4,65),(474,'Ipsa sapiente quia veniam pariatur molestias modi magni rerum.','20:50:08','1978-11-01 03:48:13',0,'jkdubhxwc',3943,NULL,4,80),(475,'Aut consequatur ut voluptatibus dolore et.','23:21:22','2007-08-07 01:26:49',1,'egdudgdvk',2184,NULL,4,24),(476,'Magni odit est quis in.','16:51:16','2001-05-22 06:35:18',0,'agjmrvsdj',3417,NULL,3,44),(477,'Id ullam sint pariatur fuga eaque.','00:23:34','2020-11-08 20:29:51',1,'wtvadmpqm',4791,NULL,1,52),(478,'Libero voluptas est repellat fugiat aut.','13:26:08','2021-01-13 21:03:34',0,'lwkcmyblz',3814,NULL,1,79),(479,'Pariatur excepturi quibusdam eum labore esse tempora.','09:48:14','2001-10-12 16:08:53',0,'evtiobdcx',1793,NULL,2,2),(480,'Perferendis voluptatem a fugiat nobis corporis.','01:26:07','1999-06-17 02:00:47',1,'vywebtxyi',2880,NULL,5,83),(481,'Facilis qui explicabo consequatur unde.','21:18:23','1970-08-26 09:06:23',1,'rjrzgdllc',2682,NULL,3,57),(482,'Aut ipsa quis dolor illo et libero sunt.','05:38:03','1997-10-10 00:44:06',0,'amhfgjimh',4375,NULL,3,72),(483,'Dolorem nam eum nam harum.','18:19:07','2010-09-26 00:58:02',0,'dnthgsouv',4664,NULL,5,41),(484,'Quidem labore inventore iure voluptatem dolores molestiae.','22:44:03','2009-04-20 10:27:20',0,'ofmltpqfe',3940,NULL,5,49),(485,'Accusamus est corporis perspiciatis corrupti ex labore.','12:09:11','1997-06-12 10:59:04',1,'vghckpvcg',2368,NULL,5,90),(486,'Sit est aut repellat quia numquam odit nisi.','06:11:11','1983-04-14 21:41:36',1,'cflhqedpx',2943,NULL,1,73),(487,'Maiores quia neque dolores libero exercitationem quis sit illo.','21:56:40','2000-09-18 06:30:42',1,'etczehqsi',3546,NULL,3,86),(488,'Iste voluptatibus nam nihil quis nostrum beatae aperiam.','14:38:50','2015-05-15 08:58:47',0,'uhaloyluw',2873,NULL,5,15),(489,'Consequatur quidem ad dolores distinctio eum dolor consectetur.','13:48:33','1990-05-24 23:56:10',0,'fuoxeprrq',3674,NULL,3,52),(490,'Accusamus quo tempore quae id.','12:39:30','1995-11-10 13:56:26',0,'pseunuytv',3246,NULL,5,18),(491,'Quisquam ratione omnis accusantium eos voluptatibus.','07:16:44','2010-12-07 17:33:52',1,'yyzzrzhwr',1649,NULL,4,52),(492,'Quae quasi explicabo distinctio deserunt aut consequatur sunt magnam.','05:24:36','1978-09-08 01:34:37',0,'ragcaiggh',2919,NULL,4,80),(493,'Architecto rerum vel adipisci autem odit molestiae reiciendis.','04:50:25','2001-12-18 13:06:06',1,'puvhtcdzg',345,NULL,1,62),(494,'Libero voluptatibus et voluptatem et doloremque.','07:55:59','1996-12-23 12:42:54',1,'zdggydpvq',2973,NULL,3,35),(495,'Et totam modi aut iure asperiores.','17:39:30','2017-04-15 04:01:22',1,'uzqheujrt',4008,NULL,4,41),(496,'Sit ratione ad eveniet accusantium fugit.','05:53:31','2019-03-30 19:57:25',1,'yfjbykcsb',4280,NULL,1,8),(497,'Est deserunt ipsam harum dolorem.','05:53:41','1974-07-20 19:21:26',1,'wkndflrke',4186,NULL,5,77),(498,'Qui sint dicta rem.','08:03:30','2005-01-09 07:44:02',1,'dsbuvnler',309,NULL,4,91),(499,'Exercitationem est et sapiente pariatur veniam.','13:17:45','2003-07-29 11:35:05',0,'rmysqlbdw',4958,NULL,1,61),(500,'Earum maxime enim cum et qui aliquam fugiat.','01:50:46','2018-04-16 05:55:03',0,'aftqluovc',4755,NULL,2,13);
/*!40000 ALTER TABLE `video` ENABLE KEYS */;
UNLOCK TABLES;

--
-- Table structure for table `views`
--

DROP TABLE IF EXISTS `views`;
/*!40101 SET @saved_cs_client     = @@character_set_client */;
/*!50503 SET character_set_client = utf8mb4 */;
CREATE TABLE `views` (
  `duration` time DEFAULT NULL,
  `users_id` int unsigned DEFAULT NULL,
  `video_id` int unsigned DEFAULT NULL,
  `media_id` int unsigned DEFAULT NULL,
  `id` int unsigned NOT NULL AUTO_INCREMENT,
  PRIMARY KEY (`id`),
  KEY `fk_views_users1_idx` (`users_id`),
  KEY `fk_views_video1_idx` (`video_id`),
  KEY `fk_views_media1_idx` (`media_id`),
  CONSTRAINT `fk_views_media1` FOREIGN KEY (`media_id`) REFERENCES `media` (`id`),
  CONSTRAINT `fk_views_users1` FOREIGN KEY (`users_id`) REFERENCES `users` (`id`),
  CONSTRAINT `fk_views_video1` FOREIGN KEY (`video_id`) REFERENCES `video` (`id`)
) ENGINE=InnoDB AUTO_INCREMENT=1001 DEFAULT CHARSET=utf8mb4 COLLATE=utf8mb4_unicode_ci;
/*!40101 SET character_set_client = @saved_cs_client */;

--
-- Dumping data for table `views`
--

LOCK TABLES `views` WRITE;
/*!40000 ALTER TABLE `views` DISABLE KEYS */;
INSERT INTO `views` VALUES ('00:22:15',1,236,167,1),('12:58:20',96,277,295,2),('10:51:36',14,17,40,3),('23:03:35',37,494,167,4),('03:35:38',68,48,374,5),('23:49:48',14,219,489,6),('15:31:21',20,224,500,7),('09:47:55',53,17,486,8),('17:29:25',37,179,401,9),('21:46:38',84,435,416,10),('09:49:05',28,435,151,11),('02:47:16',61,410,427,12),('01:15:42',20,478,444,13),('19:25:26',28,159,437,14),('10:11:07',61,498,484,15),('20:41:27',36,64,203,16),('19:16:07',34,161,426,17),('14:08:58',34,423,442,18),('11:33:00',31,105,121,19),('17:21:57',11,22,56,20),('12:12:11',94,160,490,21),('13:43:28',24,464,400,22),('04:10:03',9,62,377,23),('10:12:44',98,200,35,24),('17:48:03',86,5,33,25),('02:31:59',82,184,97,26),('03:10:43',23,350,257,27),('02:22:41',8,16,179,28),('19:59:28',96,167,283,29),('12:09:57',20,219,305,30),('22:09:15',31,186,464,31),('22:03:15',29,304,427,32),('05:21:26',9,348,489,33),('03:15:32',84,336,189,34),('16:57:55',91,261,194,35),('08:44:15',98,170,378,36),('00:18:16',17,282,227,37),('11:29:59',68,318,243,38),('01:09:02',4,297,410,39),('03:14:01',60,396,129,40),('04:02:10',21,51,314,41),('21:17:36',14,194,117,42),('15:28:57',99,238,465,43),('13:54:14',97,158,301,44),('14:45:20',35,112,62,45),('02:26:38',74,99,232,46),('08:22:16',49,182,13,47),('20:44:49',95,20,331,48),('03:07:42',43,38,127,49),('02:56:40',25,337,23,50),('02:29:53',51,442,73,51),('12:49:37',13,9,267,52),('11:03:05',37,4,4,53),('20:51:31',30,488,161,54),('05:40:08',90,160,273,55),('18:59:50',2,26,371,56),('13:53:15',48,270,52,57),('03:22:34',51,240,72,58),('20:17:18',17,453,109,59),('08:44:17',42,75,446,60),('15:08:36',46,325,387,61),('15:53:45',61,389,396,62),('15:10:18',14,70,400,63),('06:34:43',15,215,387,64),('17:11:40',47,161,46,65),('01:48:31',2,167,72,66),('22:29:51',76,406,341,67),('10:35:33',86,156,80,68),('14:46:56',100,237,32,69),('16:23:59',22,445,107,70),('15:08:51',11,175,432,71),('15:58:17',89,477,320,72),('01:47:11',68,46,390,73),('08:21:40',47,118,104,74),('00:11:09',25,351,265,75),('01:50:55',34,356,432,76),('20:33:29',48,232,337,77),('17:28:34',16,160,492,78),('05:45:32',32,159,229,79),('16:05:43',39,267,173,80),('15:32:25',60,321,347,81),('03:46:19',46,261,324,82),('05:33:47',10,97,369,83),('18:48:52',88,332,486,84),('03:40:51',9,453,337,85),('09:04:47',62,119,192,86),('10:36:07',48,358,424,87),('04:13:13',15,436,83,88),('07:26:23',13,95,241,89),('10:20:53',59,286,8,90),('05:54:04',94,83,328,91),('20:34:20',63,311,89,92),('21:27:22',28,359,185,93),('03:16:56',1,296,16,94),('05:36:22',98,338,469,95),('04:37:53',66,144,87,96),('20:55:37',4,380,444,97),('19:42:05',89,453,380,98),('12:05:24',5,17,475,99),('15:14:35',53,310,260,100),('03:49:21',55,276,343,101),('20:36:45',20,88,153,102),('16:00:29',38,223,12,103),('03:22:49',75,227,308,104),('20:45:00',78,217,145,105),('13:32:44',72,43,288,106),('08:34:53',89,61,168,107),('02:11:21',78,2,120,108),('20:21:52',54,25,137,109),('03:13:45',49,290,447,110),('09:45:22',1,62,222,111),('06:39:56',69,162,309,112),('17:56:20',100,350,32,113),('18:02:09',2,223,259,114),('21:33:00',64,112,475,115),('13:00:34',93,470,18,116),('16:38:22',50,414,78,117),('12:18:44',83,302,79,118),('05:20:57',7,70,103,119),('07:54:41',35,312,392,120),('11:20:02',24,315,453,121),('23:13:22',68,159,115,122),('09:29:07',30,157,464,123),('19:38:40',36,165,187,124),('03:36:22',88,481,299,125),('02:58:39',83,441,268,126),('05:38:45',86,188,181,127),('11:48:25',2,103,482,128),('13:47:38',17,138,52,129),('13:49:41',38,309,363,130),('10:17:42',16,426,177,131),('14:56:10',7,265,336,132),('02:06:47',30,412,492,133),('20:11:51',23,91,157,134),('04:30:01',60,28,137,135),('16:42:39',20,440,77,136),('15:10:21',73,370,265,137),('03:14:36',9,376,368,138),('19:54:21',6,461,5,139),('17:04:21',16,149,313,140),('20:09:04',88,228,239,141),('22:05:03',24,261,3,142),('11:14:07',91,408,414,143),('22:05:24',89,18,5,144),('07:41:40',20,315,32,145),('17:28:10',48,410,472,146),('13:58:56',63,273,341,147),('22:48:14',16,316,217,148),('05:24:26',89,342,178,149),('01:32:04',90,418,326,150),('17:44:37',53,357,54,151),('13:43:13',100,473,314,152),('14:57:28',1,425,222,153),('15:59:24',84,369,239,154),('04:07:58',85,468,54,155),('22:31:11',91,205,463,156),('02:47:29',85,17,236,157),('02:39:32',54,94,51,158),('02:05:23',97,39,392,159),('05:52:35',32,487,310,160),('01:13:20',97,249,167,161),('00:09:14',8,249,140,162),('19:03:12',71,251,64,163),('23:03:15',15,167,432,164),('09:53:36',63,88,400,165),('19:57:28',74,40,105,166),('11:52:33',66,464,121,167),('11:21:16',13,229,215,168),('23:21:30',23,211,253,169),('10:47:11',2,370,240,170),('22:13:42',63,354,489,171),('17:57:51',97,392,237,172),('04:54:59',24,243,487,173),('06:20:04',37,316,154,174),('23:51:13',24,128,241,175),('12:14:27',4,493,280,176),('10:07:47',24,321,244,177),('18:17:06',49,384,473,178),('18:43:27',92,498,184,179),('07:50:11',42,3,53,180),('23:56:45',90,318,407,181),('02:41:19',88,299,298,182),('09:36:25',35,419,41,183),('22:01:37',32,103,356,184),('02:25:07',63,218,484,185),('16:35:52',11,234,476,186),('09:36:43',67,353,297,187),('20:45:29',16,94,180,188),('08:28:43',10,49,178,189),('12:34:08',47,257,181,190),('09:46:26',58,205,498,191),('14:12:03',39,142,297,192),('05:42:59',98,314,215,193),('00:45:06',6,474,317,194),('05:10:20',78,287,35,195),('00:28:21',74,340,268,196),('05:59:32',69,173,121,197),('18:11:29',29,250,214,198),('20:08:53',65,300,263,199),('16:32:59',100,33,20,200),('22:36:10',36,318,225,201),('11:16:35',35,10,366,202),('11:01:24',95,500,180,203),('05:52:10',38,30,153,204),('12:58:56',1,416,439,205),('23:58:10',8,284,279,206),('23:40:32',61,129,451,207),('17:50:28',86,269,201,208),('18:35:37',28,89,500,209),('18:21:44',81,86,32,210),('05:38:56',85,263,350,211),('01:58:11',30,438,360,212),('08:00:20',3,410,359,213),('02:35:12',38,95,389,214),('23:26:10',69,98,304,215),('05:15:42',57,135,88,216),('13:10:32',12,440,216,217),('10:07:10',2,365,485,218),('21:05:16',43,5,73,219),('03:34:28',42,407,159,220),('16:20:48',49,328,422,221),('03:31:44',19,473,360,222),('07:59:36',91,484,269,223),('14:38:51',62,174,364,224),('01:11:15',40,16,461,225),('18:32:13',1,297,96,226),('19:13:49',18,357,36,227),('12:40:39',61,367,400,228),('16:58:46',58,77,405,229),('15:19:04',73,287,311,230),('03:09:43',4,28,138,231),('22:46:59',89,119,110,232),('13:46:04',61,69,93,233),('02:35:37',14,379,267,234),('10:43:42',87,76,282,235),('21:04:45',79,77,79,236),('06:22:29',98,166,435,237),('19:20:44',5,470,301,238),('04:32:04',85,259,378,239),('23:45:37',66,120,164,240),('02:21:01',28,140,192,241),('02:31:22',56,81,310,242),('21:18:30',77,381,379,243),('09:12:27',96,450,257,244),('16:24:38',49,382,333,245),('05:00:47',6,275,410,246),('22:02:54',21,264,75,247),('06:02:27',8,288,45,248),('18:04:47',68,211,303,249),('01:01:27',44,39,423,250),('08:02:21',77,177,62,251),('15:52:20',15,452,142,252),('00:54:24',77,337,22,253),('03:57:57',53,315,472,254),('18:16:02',4,59,353,255),('13:42:16',70,84,128,256),('13:09:08',52,189,392,257),('19:58:24',67,228,179,258),('00:55:22',76,68,390,259),('11:08:49',37,285,429,260),('13:51:19',21,165,105,261),('18:47:35',33,237,57,262),('12:47:33',61,118,394,263),('14:36:33',66,378,208,264),('17:02:01',60,395,266,265),('19:37:05',31,244,350,266),('07:11:11',56,3,38,267),('06:24:12',35,337,265,268),('20:43:20',70,215,332,269),('05:47:55',48,395,117,270),('07:11:54',34,498,281,271),('12:10:41',55,162,18,272),('03:31:57',66,467,135,273),('00:58:16',45,293,13,274),('13:39:31',86,91,408,275),('07:23:28',39,242,152,276),('11:26:46',9,21,154,277),('02:09:27',17,191,491,278),('03:43:10',69,40,205,279),('13:26:50',36,278,100,280),('23:29:15',59,445,97,281),('19:25:57',15,217,258,282),('01:14:09',19,46,224,283),('01:25:48',46,267,17,284),('20:32:34',48,196,108,285),('11:07:58',30,390,349,286),('02:48:17',60,433,370,287),('22:07:04',91,13,61,288),('14:02:28',89,358,100,289),('17:30:09',30,35,378,290),('08:26:12',49,327,323,291),('22:34:17',69,401,39,292),('18:48:09',20,491,84,293),('00:48:31',65,217,351,294),('03:41:37',68,455,46,295),('02:07:42',89,101,435,296),('14:28:14',59,397,368,297),('09:35:09',33,348,380,298),('05:15:40',45,288,238,299),('04:38:59',65,434,272,300),('14:48:30',41,178,99,301),('15:58:33',5,18,499,302),('10:58:30',13,116,490,303),('04:30:26',29,437,206,304),('03:54:27',99,275,161,305),('22:05:19',9,220,261,306),('03:29:20',95,14,158,307),('10:41:17',69,177,5,308),('06:14:41',45,400,293,309),('23:59:26',92,223,226,310),('09:38:46',47,423,403,311),('12:02:04',66,445,421,312),('04:55:11',66,5,37,313),('09:04:43',64,150,474,314),('08:02:44',5,145,248,315),('16:15:46',37,185,468,316),('12:49:24',89,160,481,317),('17:43:45',21,2,157,318),('08:10:17',22,223,56,319),('00:54:12',80,183,278,320),('20:12:52',26,414,201,321),('09:57:27',6,244,145,322),('12:46:19',90,71,150,323),('11:11:30',98,389,299,324),('09:18:50',92,412,443,325),('20:16:54',42,95,127,326),('07:34:53',35,39,287,327),('22:37:19',31,141,288,328),('20:39:55',62,248,11,329),('18:44:32',74,147,193,330),('07:21:25',29,272,107,331),('19:07:26',69,300,350,332),('14:19:54',98,249,421,333),('22:32:57',28,234,309,334),('08:28:47',88,192,220,335),('00:20:35',76,398,314,336),('18:08:57',2,72,353,337),('18:32:44',59,225,494,338),('10:32:43',16,34,241,339),('14:47:25',18,399,388,340),('05:31:07',57,42,160,341),('17:29:17',78,385,460,342),('22:56:18',48,373,208,343),('09:38:52',32,9,442,344),('07:35:32',93,444,134,345),('19:53:20',37,322,32,346),('13:04:41',100,328,103,347),('11:27:44',71,119,327,348),('19:40:07',69,197,360,349),('02:09:41',17,285,259,350),('02:29:26',95,66,301,351),('10:06:36',27,453,186,352),('13:29:10',19,189,58,353),('21:28:30',60,345,66,354),('11:13:45',48,309,10,355),('07:09:19',75,492,332,356),('18:08:55',81,490,159,357),('12:16:40',2,340,277,358),('18:20:38',67,184,474,359),('03:28:26',39,269,258,360),('03:38:06',91,241,323,361),('02:01:35',51,373,275,362),('00:10:03',88,463,464,363),('02:44:35',99,261,308,364),('01:15:07',12,500,116,365),('07:42:37',14,373,108,366),('20:02:51',81,277,98,367),('15:41:24',12,283,437,368),('00:35:24',68,115,121,369),('13:28:46',62,308,390,370),('14:01:44',14,259,130,371),('03:23:58',79,10,2,372),('04:25:12',34,447,465,373),('16:40:31',26,441,225,374),('17:55:40',88,500,225,375),('16:23:42',11,70,98,376),('15:36:35',32,471,374,377),('13:00:28',52,31,157,378),('08:53:22',39,368,272,379),('14:10:12',63,178,79,380),('03:11:50',41,245,337,381),('22:54:01',67,136,347,382),('22:49:03',67,301,293,383),('07:59:29',60,429,233,384),('20:39:30',5,365,233,385),('03:05:17',50,416,303,386),('12:48:48',69,75,273,387),('06:37:50',44,331,304,388),('17:46:23',76,24,171,389),('05:46:51',30,337,349,390),('01:13:13',45,40,94,391),('13:21:51',13,372,229,392),('22:37:41',82,206,29,393),('20:17:55',41,5,458,394),('00:16:10',87,27,322,395),('21:09:43',34,275,237,396),('17:34:48',94,120,311,397),('01:11:27',49,339,141,398),('09:25:04',9,214,165,399),('16:28:03',43,360,2,400),('07:23:35',13,85,41,401),('19:48:57',32,146,413,402),('00:51:18',77,54,119,403),('17:52:00',83,254,123,404),('09:37:11',74,187,150,405),('03:27:48',39,353,424,406),('18:41:19',86,321,44,407),('09:22:38',48,61,382,408),('19:28:45',76,105,96,409),('05:41:19',9,320,455,410),('02:28:34',9,383,40,411),('22:21:45',17,39,186,412),('17:18:11',100,423,240,413),('03:37:44',24,336,494,414),('01:01:55',48,206,180,415),('16:22:18',78,397,33,416),('15:31:31',63,325,353,417),('15:15:16',71,63,414,418),('12:16:28',48,442,18,419),('21:56:17',67,485,338,420),('18:54:32',58,29,220,421),('13:36:05',65,114,258,422),('12:36:55',3,112,181,423),('10:58:45',50,227,17,424),('15:36:19',49,465,223,425),('20:29:40',85,352,120,426),('02:14:22',91,163,444,427),('03:52:15',62,17,6,428),('09:31:22',45,253,448,429),('20:45:13',48,83,432,430),('23:50:54',16,369,461,431),('11:50:57',59,194,75,432),('14:58:12',11,204,186,433),('05:03:12',47,454,413,434),('04:37:12',51,196,377,435),('22:17:12',95,119,229,436),('05:04:29',19,73,392,437),('00:30:50',8,381,408,438),('12:01:08',9,102,160,439),('01:51:23',98,340,243,440),('23:33:30',84,416,111,441),('21:09:15',77,211,304,442),('23:26:29',91,263,8,443),('13:21:54',28,497,461,444),('03:09:39',11,247,156,445),('00:16:58',86,220,275,446),('12:03:07',32,312,348,447),('07:48:16',10,347,228,448),('23:04:15',92,388,329,449),('00:07:59',24,376,169,450),('05:33:07',72,296,84,451),('21:10:48',94,176,294,452),('17:26:07',55,131,57,453),('06:53:52',56,271,53,454),('11:41:20',49,323,300,455),('16:54:28',80,252,20,456),('14:12:32',35,410,331,457),('02:36:59',4,458,178,458),('13:27:42',49,415,66,459),('19:29:10',15,30,441,460),('10:37:40',49,388,237,461),('00:03:06',65,357,413,462),('07:03:58',24,130,43,463),('18:35:52',35,409,313,464),('22:10:17',46,149,135,465),('03:58:37',6,45,387,466),('22:13:33',10,215,296,467),('23:06:39',76,232,254,468),('02:47:50',11,477,168,469),('10:06:13',24,50,197,470),('20:59:41',12,291,85,471),('05:15:43',60,116,442,472),('20:11:57',42,234,71,473),('15:21:52',51,408,480,474),('09:39:29',13,135,128,475),('22:49:42',40,161,173,476),('06:34:02',17,207,388,477),('20:53:17',76,83,120,478),('07:02:20',27,137,96,479),('07:01:50',60,255,146,480),('22:28:31',100,315,437,481),('02:47:17',17,111,52,482),('16:58:52',5,319,285,483),('12:13:57',19,69,192,484),('08:08:35',15,131,327,485),('22:58:44',41,328,487,486),('14:39:44',75,412,194,487),('09:57:42',53,290,276,488),('09:58:23',76,422,413,489),('08:42:02',96,221,168,490),('13:18:35',25,217,482,491),('22:02:26',12,298,92,492),('15:43:15',22,321,410,493),('07:25:54',79,414,479,494),('15:12:02',17,486,109,495),('18:37:40',83,187,437,496),('06:37:28',80,59,348,497),('12:27:43',19,320,138,498),('18:30:27',74,199,59,499),('13:07:21',56,175,280,500),('06:43:11',90,296,497,501),('14:03:37',86,352,295,502),('08:11:49',4,461,115,503),('06:11:18',86,353,29,504),('06:08:13',82,438,14,505),('01:05:52',4,349,200,506),('00:24:49',91,246,259,507),('19:51:53',60,337,79,508),('07:13:26',88,203,277,509),('02:09:16',100,482,452,510),('22:34:07',56,428,247,511),('05:58:13',55,356,99,512),('00:05:55',14,375,59,513),('15:53:51',37,304,412,514),('07:35:56',42,211,349,515),('01:14:28',45,227,197,516),('21:29:15',85,179,443,517),('20:40:40',37,479,280,518),('06:05:13',52,415,482,519),('06:31:53',8,411,464,520),('10:51:09',98,186,392,521),('18:32:43',47,458,247,522),('18:16:12',67,24,122,523),('06:22:09',79,204,425,524),('00:18:20',61,413,136,525),('16:41:16',31,135,363,526),('20:11:27',70,58,42,527),('14:31:01',59,239,20,528),('10:06:25',14,498,435,529),('12:20:45',11,34,345,530),('22:12:50',4,22,31,531),('04:59:10',82,256,488,532),('10:49:54',31,88,11,533),('02:53:34',55,479,215,534),('18:03:28',40,281,127,535),('01:19:23',67,432,262,536),('22:52:12',40,280,319,537),('16:21:55',48,70,58,538),('07:13:36',52,140,55,539),('00:34:42',39,191,89,540),('01:56:13',8,207,110,541),('06:09:56',14,113,365,542),('07:05:12',12,266,453,543),('16:40:43',14,41,431,544),('20:00:49',57,240,212,545),('07:08:55',82,75,144,546),('18:13:58',34,272,423,547),('23:43:15',98,11,493,548),('03:11:42',10,270,133,549),('23:43:20',21,463,323,550),('14:45:29',38,1,30,551),('16:39:11',60,70,142,552),('22:32:20',33,126,408,553),('05:34:50',24,192,448,554),('12:48:12',10,473,188,555),('17:50:12',52,381,262,556),('02:19:33',81,51,34,557),('04:35:15',65,39,45,558),('02:30:45',64,85,314,559),('02:37:53',90,185,277,560),('06:37:20',55,374,277,561),('04:21:58',61,172,346,562),('12:53:21',89,335,471,563),('06:21:06',70,450,163,564),('00:08:27',60,497,136,565),('04:49:45',97,255,17,566),('06:34:50',50,156,67,567),('13:28:23',56,480,105,568),('18:55:34',65,296,190,569),('12:14:59',28,244,374,570),('14:55:32',83,16,247,571),('13:37:17',39,316,418,572),('03:18:14',8,258,253,573),('18:10:08',2,108,203,574),('19:27:44',34,406,199,575),('16:12:21',61,391,454,576),('12:37:09',65,137,109,577),('23:53:34',78,417,88,578),('16:29:54',99,241,384,579),('01:17:49',37,379,128,580),('09:28:11',11,292,143,581),('17:46:27',61,483,458,582),('18:22:38',44,19,216,583),('19:43:25',95,25,324,584),('18:34:37',35,194,230,585),('03:16:34',75,499,120,586),('12:33:54',66,320,257,587),('07:10:36',87,207,174,588),('11:58:07',5,200,415,589),('01:58:13',82,381,293,590),('19:24:06',7,436,85,591),('10:44:16',35,237,67,592),('18:01:31',27,456,85,593),('02:05:47',70,427,110,594),('23:26:44',35,101,304,595),('04:33:37',81,473,302,596),('03:50:48',5,299,122,597),('05:34:23',56,233,329,598),('12:49:54',91,255,28,599),('05:31:38',73,160,408,600),('19:11:27',32,192,343,601),('21:38:11',49,367,79,602),('03:33:45',62,499,35,603),('03:37:49',79,348,461,604),('02:23:44',1,19,61,605),('17:05:07',62,420,34,606),('19:44:35',22,441,333,607),('23:04:50',46,218,65,608),('06:16:35',12,168,319,609),('10:26:43',17,33,478,610),('23:26:40',99,190,170,611),('07:31:23',68,432,36,612),('11:42:31',83,240,35,613),('02:36:11',90,133,382,614),('05:09:37',82,136,401,615),('13:31:00',94,442,321,616),('22:08:43',1,49,261,617),('00:42:31',68,278,478,618),('04:10:28',81,335,146,619),('22:54:29',44,420,179,620),('19:09:06',40,412,369,621),('02:14:12',74,248,301,622),('23:32:50',81,162,41,623),('08:00:56',88,110,174,624),('10:41:11',64,19,309,625),('21:41:37',44,488,250,626),('20:14:28',8,492,299,627),('11:18:55',60,328,76,628),('11:54:53',56,228,411,629),('17:05:51',85,446,331,630),('21:19:23',21,143,243,631),('04:36:52',94,9,490,632),('17:09:40',54,411,151,633),('15:34:51',62,347,260,634),('22:40:05',97,165,279,635),('04:10:45',59,383,266,636),('03:29:36',9,421,258,637),('18:38:06',68,219,85,638),('18:19:26',83,496,312,639),('15:26:15',66,418,258,640),('05:25:50',32,19,401,641),('10:48:09',80,489,410,642),('14:32:42',78,258,320,643),('17:09:40',8,68,167,644),('05:08:12',60,50,332,645),('16:32:21',16,341,214,646),('00:46:47',69,382,134,647),('10:07:14',21,221,353,648),('04:41:51',37,135,349,649),('12:50:24',100,461,267,650),('23:09:41',51,117,286,651),('03:48:46',31,15,274,652),('16:10:44',13,403,32,653),('08:02:40',77,441,99,654),('15:26:53',10,240,149,655),('11:39:17',77,317,490,656),('02:37:10',19,159,371,657),('10:49:01',46,259,91,658),('18:10:33',17,444,226,659),('09:55:49',86,440,186,660),('07:00:36',40,194,302,661),('05:55:49',97,349,317,662),('15:15:03',51,412,219,663),('21:22:24',58,296,160,664),('07:26:35',77,345,399,665),('05:20:14',7,226,216,666),('19:49:57',5,321,374,667),('03:09:23',79,49,133,668),('08:48:49',97,130,77,669),('14:29:57',42,60,17,670),('09:27:56',79,255,211,671),('20:03:17',40,236,59,672),('09:24:44',3,490,471,673),('13:26:53',47,275,266,674),('20:29:18',78,158,111,675),('22:10:14',58,190,337,676),('08:43:06',1,211,157,677),('07:58:28',76,103,205,678),('18:53:31',3,86,335,679),('22:07:27',18,294,394,680),('04:28:35',21,188,149,681),('15:58:39',63,384,384,682),('13:11:25',75,396,374,683),('00:16:30',69,126,148,684),('19:35:30',22,16,306,685),('14:09:26',44,305,496,686),('03:07:21',11,308,206,687),('00:01:23',42,186,309,688),('03:26:14',83,196,395,689),('00:58:31',50,282,189,690),('23:28:23',29,385,376,691),('12:26:43',59,198,260,692),('13:03:22',35,69,156,693),('05:27:23',10,411,282,694),('09:37:33',40,18,297,695),('12:59:45',1,235,101,696),('05:28:37',100,288,409,697),('18:24:47',41,498,94,698),('17:24:30',3,413,290,699),('22:12:12',81,162,71,700),('14:20:38',19,305,456,701),('18:33:16',94,96,153,702),('14:21:34',46,271,222,703),('10:45:31',77,319,133,704),('06:34:35',33,15,150,705),('03:19:17',93,16,384,706),('19:07:11',13,12,172,707),('11:26:42',95,214,170,708),('11:07:57',13,224,82,709),('17:43:22',71,129,244,710),('19:35:16',85,222,48,711),('05:18:41',77,191,144,712),('02:51:44',7,419,415,713),('13:08:36',51,302,234,714),('01:45:32',78,467,248,715),('03:16:23',8,428,263,716),('22:04:02',84,491,275,717),('07:14:45',19,461,488,718),('18:52:34',53,26,212,719),('05:15:23',69,380,340,720),('13:39:37',17,304,61,721),('16:38:40',27,184,251,722),('19:41:09',56,218,170,723),('23:27:58',39,472,472,724),('01:05:54',85,359,438,725),('06:38:14',35,396,366,726),('14:46:00',87,316,356,727),('02:06:27',42,407,317,728),('17:14:21',39,168,342,729),('05:42:43',82,9,221,730),('19:24:58',50,94,25,731),('20:21:55',62,227,209,732),('00:46:33',12,3,426,733),('06:06:52',46,193,398,734),('13:44:26',40,116,257,735),('06:30:27',28,287,152,736),('17:30:12',1,220,467,737),('06:30:43',72,428,374,738),('15:32:04',35,122,41,739),('19:37:55',3,28,50,740),('05:02:01',47,274,144,741),('00:38:52',52,81,370,742),('11:48:40',94,138,373,743),('14:59:09',79,365,65,744),('07:00:51',59,63,181,745),('10:01:46',10,198,467,746),('19:38:42',41,198,186,747),('09:50:10',34,54,113,748),('15:54:30',9,226,235,749),('14:30:37',17,239,263,750),('10:27:45',27,473,37,751),('11:13:34',55,232,117,752),('13:03:02',29,200,254,753),('12:08:29',4,94,119,754),('22:18:32',17,386,181,755),('23:13:37',53,434,379,756),('04:24:47',46,134,77,757),('01:03:38',83,302,130,758),('01:19:55',6,342,355,759),('13:35:52',53,423,94,760),('10:58:56',5,54,66,761),('16:13:45',12,328,298,762),('19:01:59',36,472,498,763),('16:27:52',86,488,91,764),('04:35:26',10,68,476,765),('04:35:41',46,329,410,766),('13:50:32',22,56,44,767),('03:04:05',37,468,345,768),('00:07:43',63,494,186,769),('01:44:51',34,254,109,770),('12:48:28',53,277,163,771),('11:44:19',66,337,491,772),('01:26:17',25,13,462,773),('19:16:49',25,442,449,774),('21:32:42',43,490,17,775),('23:20:38',38,219,345,776),('07:58:55',20,326,400,777),('09:48:01',28,9,368,778),('09:11:49',97,322,361,779),('22:23:39',35,490,115,780),('21:06:29',56,251,392,781),('01:50:50',89,78,228,782),('18:49:39',87,202,241,783),('16:19:27',79,324,182,784),('18:19:18',69,36,172,785),('22:43:19',72,224,391,786),('06:57:17',41,321,216,787),('11:51:24',21,460,225,788),('21:22:52',95,445,46,789),('23:16:09',67,115,36,790),('06:00:20',90,394,286,791),('00:09:36',68,335,364,792),('03:38:26',13,267,66,793),('16:26:36',61,160,389,794),('18:15:46',98,3,425,795),('00:54:33',32,361,148,796),('07:44:33',10,64,468,797),('08:04:58',53,168,428,798),('17:10:24',98,138,372,799),('15:26:32',7,469,486,800),('13:12:42',14,415,380,801),('07:23:29',72,252,215,802),('19:43:47',44,316,481,803),('10:53:10',57,121,141,804),('00:25:21',35,108,143,805),('01:31:55',20,266,4,806),('01:44:13',49,315,68,807),('08:14:17',43,79,235,808),('13:49:41',28,67,372,809),('23:22:35',3,102,341,810),('05:53:34',100,171,255,811),('11:13:06',76,27,6,812),('20:03:38',18,246,322,813),('05:54:40',15,30,443,814),('20:42:02',43,203,50,815),('23:58:06',71,300,315,816),('00:00:17',72,45,129,817),('08:05:15',85,257,208,818),('09:29:43',32,396,274,819),('22:39:41',7,406,375,820),('09:55:37',75,403,46,821),('22:01:24',26,278,73,822),('15:03:07',27,367,318,823),('06:13:34',91,437,348,824),('12:56:19',79,148,51,825),('14:55:46',89,2,351,826),('15:36:01',52,359,396,827),('21:10:41',78,283,152,828),('13:02:44',19,441,47,829),('10:59:04',74,471,453,830),('01:55:47',49,342,355,831),('23:18:23',58,467,132,832),('22:47:57',73,99,499,833),('22:16:59',36,51,436,834),('09:12:54',6,446,84,835),('19:35:54',16,390,85,836),('04:37:45',86,148,443,837),('06:27:08',65,36,225,838),('00:09:45',95,130,166,839),('02:12:36',5,498,137,840),('00:29:01',95,241,479,841),('00:59:52',66,30,446,842),('12:10:19',92,391,44,843),('17:12:32',92,70,94,844),('05:48:11',79,97,40,845),('14:16:37',96,175,429,846),('22:37:54',13,104,77,847),('22:57:36',1,427,112,848),('11:32:58',46,402,241,849),('22:51:19',79,424,239,850),('08:41:08',7,397,480,851),('15:30:12',2,225,10,852),('12:16:02',91,185,400,853),('23:30:46',100,143,470,854),('08:35:55',19,37,67,855),('17:46:12',27,14,242,856),('04:30:08',12,76,345,857),('11:09:14',27,80,272,858),('14:16:36',50,309,174,859),('20:29:14',98,203,97,860),('04:37:24',46,234,493,861),('17:44:51',42,243,218,862),('18:23:30',43,198,402,863),('21:57:26',23,196,45,864),('12:04:01',17,287,82,865),('07:25:56',31,418,96,866),('14:47:46',79,477,171,867),('19:34:16',48,112,250,868),('02:29:44',2,358,58,869),('21:51:51',37,345,261,870),('13:51:36',56,71,494,871),('05:44:01',55,276,237,872),('13:42:10',98,491,435,873),('20:00:02',78,105,130,874),('21:56:46',87,190,416,875),('15:57:31',4,341,334,876),('03:54:27',23,233,310,877),('14:41:42',57,470,421,878),('07:57:58',7,479,279,879),('17:42:36',18,160,123,880),('08:27:44',70,438,193,881),('09:46:15',69,208,469,882),('11:22:39',16,196,459,883),('16:17:17',3,85,64,884),('14:03:41',29,19,253,885),('11:17:23',12,34,93,886),('09:31:18',79,145,326,887),('20:50:01',41,426,296,888),('19:54:40',25,456,275,889),('13:58:06',80,44,435,890),('12:10:53',5,392,372,891),('05:23:47',43,234,80,892),('07:07:43',37,312,275,893),('11:24:13',29,324,360,894),('06:43:04',42,466,378,895),('08:42:16',92,23,412,896),('20:50:45',11,414,57,897),('00:53:35',76,114,482,898),('10:47:36',35,235,437,899),('15:28:48',90,135,481,900),('15:49:40',77,157,372,901),('09:32:42',51,371,106,902),('01:14:09',67,55,417,903),('04:31:10',22,197,241,904),('00:33:22',94,402,207,905),('20:41:07',69,360,230,906),('00:40:57',51,411,143,907),('15:19:58',63,288,257,908),('11:26:49',59,460,492,909),('21:46:46',46,406,127,910),('22:40:49',42,287,283,911),('17:26:21',17,39,153,912),('05:59:09',38,370,207,913),('15:52:54',21,476,403,914),('02:38:42',69,441,305,915),('18:04:44',11,284,164,916),('10:13:40',56,39,75,917),('05:02:12',85,350,362,918),('22:49:59',36,143,321,919),('03:55:32',35,372,227,920),('00:50:01',60,82,14,921),('00:40:29',16,163,52,922),('20:21:57',47,350,422,923),('10:12:47',88,453,397,924),('03:17:07',69,297,338,925),('12:28:25',30,348,122,926),('15:42:41',63,128,161,927),('19:42:48',77,50,11,928),('06:25:16',50,230,154,929),('13:36:08',14,401,25,930),('20:52:21',59,198,106,931),('07:11:33',62,277,269,932),('05:34:42',72,10,118,933),('16:13:25',56,449,71,934),('03:41:25',36,291,367,935),('14:58:20',3,438,215,936),('11:18:48',28,248,342,937),('19:41:56',60,133,391,938),('04:30:35',62,379,120,939),('05:08:05',93,446,21,940),('00:21:16',98,239,218,941),('16:20:26',19,46,495,942),('15:51:25',72,405,4,943),('01:10:10',96,184,452,944),('20:09:02',10,361,243,945),('18:46:02',83,375,180,946),('03:09:09',26,11,427,947),('06:48:11',94,308,60,948),('08:03:50',72,116,438,949),('15:33:48',96,76,383,950),('00:58:53',100,61,122,951),('09:52:52',44,152,168,952),('07:00:02',43,12,72,953),('00:25:13',44,488,255,954),('09:22:46',34,35,116,955),('09:49:54',82,448,490,956),('12:50:20',18,76,1,957),('03:25:43',3,45,309,958),('06:33:17',15,404,424,959),('16:24:55',3,384,500,960),('17:35:21',79,384,61,961),('01:37:46',4,101,213,962),('15:35:38',37,312,224,963),('17:19:52',51,27,212,964),('14:45:05',2,194,246,965),('03:26:47',25,103,194,966),('08:18:26',23,191,269,967),('22:21:14',23,206,314,968),('14:49:57',85,280,218,969),('23:41:40',70,292,101,970),('10:54:04',70,186,484,971),('21:35:42',82,202,84,972),('13:15:30',24,384,396,973),('04:07:05',69,139,423,974),('05:02:13',11,147,117,975),('22:26:17',60,272,220,976),('21:08:26',99,386,411,977),('06:54:31',53,500,117,978),('18:35:55',15,424,396,979),('13:14:50',59,270,188,980),('03:22:46',79,117,373,981),('12:01:22',76,23,75,982),('12:28:27',92,142,459,983),('21:43:28',72,484,97,984),('15:26:31',56,38,244,985),('04:19:51',79,336,15,986),('15:25:15',23,328,400,987),('02:02:13',5,89,400,988),('10:13:45',28,163,323,989),('10:11:08',8,454,93,990),('10:51:11',45,346,209,991),('17:16:07',20,221,232,992),('17:18:29',35,181,373,993),('14:15:56',26,36,357,994),('02:11:57',45,314,394,995),('03:21:10',94,208,230,996),('12:20:06',97,322,58,997),('05:41:02',77,346,146,998),('08:39:19',57,485,308,999),('14:21:52',21,21,262,1000);
/*!40000 ALTER TABLE `views` ENABLE KEYS */;
UNLOCK TABLES;
/*!40103 SET TIME_ZONE=@OLD_TIME_ZONE */;

/*!40101 SET SQL_MODE=@OLD_SQL_MODE */;
/*!40014 SET FOREIGN_KEY_CHECKS=@OLD_FOREIGN_KEY_CHECKS */;
/*!40014 SET UNIQUE_CHECKS=@OLD_UNIQUE_CHECKS */;
/*!40101 SET CHARACTER_SET_CLIENT=@OLD_CHARACTER_SET_CLIENT */;
/*!40101 SET CHARACTER_SET_RESULTS=@OLD_CHARACTER_SET_RESULTS */;
/*!40101 SET COLLATION_CONNECTION=@OLD_COLLATION_CONNECTION */;
/*!40111 SET SQL_NOTES=@OLD_SQL_NOTES */;

-- Dump completed on 2021-01-22 13:17:31
